Id,Name,Gender,Age,Birthdate,Address
d37f45c0-f45c-4874-a144-b73bae3970b2,장철수,남자,34,1989-1-19,부산시 북구 26로14
250f44fc-502f-4cc8-88a3-15bece351452,정영웅,여자,64,1959-12-25,인천시 장안구 48로20
af93722b-0f4e-4425-967f-21d160c885c9,박영희,남자,51,1972-1-17,부산시 강북구 87길3
dde5ef01-d3b8-4288-9a93-e6263aadf76a,오영희,여자,54,1969-4-3,경기도 계양구 86길61
d7ed0421-6bf5-4792-b29d-7632ba778a2e,윤선진,남자,35,1988-7-25,경상도 북구 17로92
55a96dc3-6075-45b6-b8e7-e52adef74fc4,정재은,남자,41,1982-1-2,경기도 성북구 39로76
06009b2b-48ae-4c8a-b54c-abb37530e5ba,박윤경,여자,36,1987-12-8,대전시 성동구 85로77
6b5df65f-3389-40e0-9135-aca97f96dec1,장정미,남자,32,1991-12-28,부산시 분당구 61길91
7d99e257-3643-423c-9e49-35bf22cfd43b,윤재은,남자,33,1990-12-11,광주시 동구 5로17
c9c778eb-9ef3-41b9-a943-2c4f3c281b5d,오성진,남자,35,1988-6-14,부산시 성북구 97길30
38aed67a-020f-4cee-ba75-3dcb7cf952f3,이성진,여자,28,1995-3-6,울산시 강북구 79로28
c8f081c3-e3f5-4de4-94f4-7f154b0e15d3,조선진,남자,78,1945-1-28,서울시 북구 49로79
5ebeda66-9ef5-44e3-a26d-6a4e49577764,오정미,여자,16,2007-2-15,대구시 서구 17로61
b070cd23-7b1f-454f-be17-aed9e30ffada,최성진,여자,43,1980-10-26,경상도 강북구 70로55
22311fc5-b408-4f79-afe6-c77888e1a764,김선진,여자,57,1966-6-15,강원도 북구 10길36
8d38162a-8d52-476f-b653-800ac521c7fd,강재은,여자,48,1975-7-17,광주시 강남구 54로17
eb8ee8c7-aef9-4175-809f-e9cdef38bb70,장영웅,남자,68,1955-4-22,울산시 성동구 25길18
6cb7227b-6d54-46be-990d-53b2a5d0d205,조수현,여자,64,1959-9-5,경상도 강남구 59길44
65cd42c3-c482-4a6e-b9a7-4e4f10db9db2,김재은,남자,34,1989-9-6,인천시 동구 48길47
d7c131c6-b172-43da-905b-5575dae2fcdb,김성진,남자,65,1958-9-22,울산시 분당구 10길92
7d52d4ee-cde9-4266-8a17-9ac797c58ca6,최수현,여자,33,1990-7-9,울산시 계양구 67로15
493b06ba-c670-4d31-ba7c-c68073dc0f1a,조수현,여자,81,1942-9-6,대구시 계양구 45로71
64320989-9eed-4c8c-b545-52f5981841de,정정미,남자,67,1956-10-8,강원도 연수구 72로74
a5457146-4859-4b70-9d4a-e84cbd55da96,이영웅,여자,69,1954-8-11,경기도 강남구 32로6
7e69b62c-512e-466c-be05-19101b6ac333,장재은,여자,56,1967-12-26,서울시 강남구 34길11
0b207257-13c8-4dbf-a7e4-f14131b8896a,강수현,남자,15,2008-10-16,대구시 서구 17길77
ce274b9e-e14f-44c3-a893-18cc2d6f2bfa,김윤경,남자,77,1946-8-1,울산시 강남구 52로34
a26ec64a-c170-4258-ab7e-a0994ee59975,조정미,여자,54,1969-3-15,광주시 강북구 40로61
d81c2370-c9b5-46fb-a244-764ed37fe662,이철수,여자,61,1962-7-22,광주시 계양구 21길49
3da46374-1ce0-486f-8175-79f47c273d54,오석구,여자,65,1958-6-14,강원도 장안구 78로52
644cad68-a14d-4208-a6ac-33f0d700004a,김정미,남자,62,1961-5-24,강원도 성동구 19로42
fb8bac51-83e1-4f6e-a2aa-56a2e4fdd865,조선진,남자,43,1980-4-20,대구시 장안구 56로96
8283e70c-3183-4aa5-a6f1-70fc44c184fb,오영웅,여자,50,1973-7-7,인천시 서구 71길50
57a6fe73-7b2e-4a09-a9e8-93883e2e79ac,강형섭,여자,30,1993-5-16,서울시 장안구 2로43
6d1f4bf3-791f-4010-9b89-3f00ddf808d9,정정미,여자,31,1992-6-25,경기도 성동구 40길73
b956640f-9a00-495b-aac0-ecfaeb2550dd,강미애,남자,82,1941-9-2,울산시 북구 11로68
97835d58-55b5-4cde-9915-f23223128b13,정철수,여자,67,1956-8-19,강원도 연수구 39로84
bcdf503a-3edf-4cd1-8d17-27ce99823760,김재은,남자,81,1942-4-18,광주시 동구 13로91
7686f543-d79b-455d-9114-6f19fbb296ec,이정미,여자,23,2000-1-24,부산시 서구 98길34
792b3c6b-107f-470f-a3b5-6165f192cadf,박재은,여자,15,2008-6-25,대전시 강북구 73로13
3ff3f25c-5c14-43df-b4f1-2473cd51bcec,강윤경,남자,79,1944-6-11,울산시 강북구 49로50
68cf07ab-218f-4364-b89f-cf01ddf55565,정형섭,여자,78,1945-11-13,울산시 성북구 76길70
58c9c6ce-dc30-4937-a7cb-949369e94b3d,최형섭,여자,79,1944-11-7,강원도 부평구 42길52
8271182a-8d4d-4c5a-88ee-c10311b933d1,조형섭,남자,59,1964-2-20,광주시 분당구 1로19
a4b4986c-1081-414c-a8ea-a104fe9f773f,박성진,남자,31,1992-1-15,울산시 성북구 3길96
d2e5be35-7374-49ec-80da-173c12934126,윤선진,남자,54,1969-5-15,인천시 서구 24길5
3cd44c1f-1e34-4b65-9cb8-a88b852a4f2b,이선진,남자,30,1993-8-13,강원도 동구 11로87
a93cf2a8-c60c-4c4f-bdcf-0947f693454c,오수현,여자,30,1993-9-20,강원도 성동구 85로71
11baf647-ce88-453a-bd75-258430d0dcee,정형섭,남자,61,1962-5-9,대구시 계양구 21길85
00f56c96-dc1e-4e07-a889-a3dea958568b,윤석구,여자,73,1950-8-8,대전시 연수구 87길64
1865b8f5-b483-4da0-81cc-541031c2787a,최형섭,남자,70,1953-3-21,경상도 성북구 85길2
0509f905-a191-4ee8-8383-2948c82d3614,윤선진,여자,16,2007-6-28,서울시 강북구 47길53
6330af27-296d-44e0-ad07-a7239db6f17d,정철수,여자,22,2001-4-9,경기도 부평구 24길72
f92af9a2-abe2-429d-9b9d-478586c0c4a5,정석구,여자,50,1973-11-10,대구시 성북구 5로61
197601b9-90f8-47c8-96f9-322cd96fa8e2,장석구,여자,22,2001-7-11,대구시 계양구 77길2
0bd3dc39-7669-4a0b-9a1f-1c2a1214b0b2,조영웅,남자,34,1989-6-28,대전시 성동구 30로69
4845a067-f245-4c95-b4cb-73f08a58e81f,강석구,여자,38,1985-11-12,인천시 부평구 54길81
04de2077-6128-4377-b9c3-2055d8f8e834,김선진,여자,55,1968-9-25,대구시 성북구 100로90
b8550129-ea22-46e1-9d14-2137f2595c00,윤형섭,여자,28,1995-3-12,대전시 계양구 19길41
e2a4e4e9-b3d7-431c-8576-f07ef253d3c3,조미애,여자,82,1941-5-10,부산시 동구 89길81
8dbcdefa-e0ca-4f76-9a0f-ce69a55999c2,장재은,여자,42,1981-2-6,광주시 계양구 76길67
7ca2bc40-c64a-4b42-a75f-466aa505323a,박윤경,남자,42,1981-3-13,부산시 부평구 68길66
392898a8-6a7e-4376-b8f6-2379b5341173,정선진,남자,47,1976-9-9,부산시 부평구 76길17
1a0e1105-1079-4800-9e8c-6c60a5843a5d,장성진,남자,66,1957-1-1,광주시 성북구 60길37
d65c8de4-6053-4878-abb6-796898bbb512,최수현,남자,53,1970-6-20,부산시 동구 34길81
92e131d8-9ab9-4e40-be0f-6d9c6b3e254c,장영희,여자,54,1969-1-3,대구시 북구 73로13
37c5122b-b9ac-4a9c-884c-e2e4ce189d8a,오철수,남자,40,1983-5-6,대구시 분당구 76로15
c8fd113e-3170-4e1f-a1b0-e483864c7247,김정미,여자,56,1967-8-25,광주시 연수구 23길68
ef5b02ac-440b-440f-a897-f15a285ae4e4,오영웅,남자,79,1944-9-9,강원도 북구 30로42
7e02bff9-72ac-405f-ad6b-e9df830cd8e6,장미애,남자,57,1966-4-28,서울시 연수구 73길59
386f1a0d-f0f9-4827-ab7f-8f64a4a2cc46,조정미,여자,78,1945-11-20,강원도 계양구 52로19
5fdba709-60f1-4e55-8c41-22428dbf61ab,김석구,남자,49,1974-4-11,대전시 계양구 60길32
9f37a725-a89c-4855-b0c4-b5283dfebcb4,윤석구,여자,46,1977-8-16,경기도 성동구 10길75
c33fe5b6-88a0-4d6c-8f89-4cf4d648f745,김미애,남자,27,1996-4-4,울산시 연수구 42길56
aaadcbb2-1b35-4d61-bf08-20080071717a,윤석구,여자,64,1959-3-24,대전시 강남구 14길82
cbc7b1ab-7a1e-4324-aa3a-33787d39858e,최철수,남자,67,1956-3-8,대전시 성북구 15길40
78e8b467-097f-43d6-967c-036cb5f8e46c,최석구,여자,45,1978-11-22,울산시 연수구 30로35
e9042481-7288-45db-85e3-c3af998407b7,최형섭,남자,33,1990-10-9,대구시 성동구 91로12
f724d00b-318b-4924-82a9-aa3e6244d47b,장영희,여자,75,1948-8-5,서울시 분당구 53로71
b2919d0a-6908-4cb3-8ed9-145041693aaf,이석구,여자,75,1948-9-6,대전시 장안구 65길97
fdfbf14a-d30f-4462-86eb-79644340eab2,윤형섭,여자,80,1943-1-26,강원도 북구 13로76
7cf65c27-6ada-41f3-9f42-4684ceded723,강영희,여자,14,2009-1-18,강원도 부평구 69길58
e2cb6fa9-0362-4cbc-9726-b32f2cda9711,조형섭,여자,54,1969-10-27,부산시 성북구 67로36
625be65b-a01f-4a6b-9d1c-44bdb491ec84,윤미애,여자,21,2002-3-20,경기도 장안구 38길32
da57a799-f141-411c-b506-2a415d814633,조형섭,여자,29,1994-3-13,경상도 분당구 88로79
317341eb-3b77-4d12-b371-43209788836b,박재은,여자,15,2008-6-21,서울시 성북구 61로27
b742b16b-a014-4914-a04f-f59c6ae22442,최영희,여자,49,1974-6-25,대전시 동구 21로50
de317cae-fea5-4ee6-ba76-e50f8bc7b27f,조정미,남자,52,1971-7-15,경상도 서구 82로17
d852ed1c-5c5d-47bd-9766-496a28ef4cc7,김성진,남자,28,1995-2-28,광주시 강북구 51로15
0218757f-53b4-4d2b-8512-03bd84923eba,강영희,여자,50,1973-6-14,대전시 연수구 35로22
3780ba7b-4537-40fe-a628-ccd488d8f237,오성진,여자,16,2007-2-18,인천시 성동구 75길13
78df658d-7967-476f-875a-82867d0adb21,오성진,여자,48,1975-11-26,인천시 분당구 36로32
87575b4c-7e2b-4fdf-812d-b2a48cfcc618,최형섭,남자,16,2007-6-9,경상도 계양구 91길53
34352f64-f48c-4e84-8f83-001be3210552,이석구,남자,50,1973-8-28,강원도 성북구 48길78
0d1d232e-f06c-46b5-92c5-888845185438,김선진,남자,36,1987-7-10,부산시 성북구 48로17
aaba07c2-6ef8-4205-a0c4-1a1e69b5a8cb,조형섭,여자,50,1973-1-12,인천시 강북구 20로83
1f2c9f17-7f89-486d-8951-e224beb96819,김석구,남자,16,2007-2-28,광주시 분당구 2길42
8626bfdd-053e-4c6e-8e12-e9648209fe97,박형섭,여자,23,2000-12-2,경기도 강북구 71로83
81ae77a4-d82b-40c5-bd58-16379b58be9f,윤수현,남자,39,1984-12-17,서울시 서구 11길93
76c9b8d8-b07b-4545-ab76-5d6687c27b64,박성진,여자,35,1988-6-7,광주시 강남구 34길29
d9b3ae2b-9411-4acc-bd42-b4b9fcf7af6d,정정미,남자,36,1987-11-15,대구시 북구 76로91
3e2ac097-24e0-4003-a33c-120b248bc330,강석구,남자,67,1956-3-25,대구시 강남구 58길79
2d4a939d-2b97-4cbe-8c33-75a5517fe4a7,박정미,남자,41,1982-2-16,부산시 강남구 5로22
c6f05626-94d8-4685-81e3-7e403419a3d3,강형섭,남자,34,1989-11-13,경상도 강북구 70길23
8efa9107-cf53-4089-871c-6ce4096797b8,강정미,여자,22,2001-4-18,광주시 장안구 44로27
42680397-da4b-4479-9891-1498f380d19c,이선진,여자,71,1952-2-1,광주시 분당구 37길31
73179bc1-9159-4832-9a1f-934e7548be1f,조선진,여자,20,2003-4-11,광주시 연수구 4길44
d9a72785-64df-4642-a914-5da958112c4b,오윤경,남자,19,2004-4-6,강원도 강남구 27길88
0bf7157e-2015-44ef-a8f9-22639a512352,강정미,여자,41,1982-12-9,광주시 동구 86길95
24da43f6-242c-4cc8-b498-202474871dd1,오철수,여자,68,1955-1-3,대전시 강북구 90길13
4f0269ab-6b32-4e36-8949-944cdfc951c7,이재은,남자,26,1997-9-8,대전시 강북구 87길53
e3388a73-444a-41c3-90d7-d06c07d088f2,이형섭,여자,70,1953-2-23,대구시 성동구 58로65
ee1503c3-f3a3-4424-a177-7b4387b61231,정영희,여자,58,1965-5-9,서울시 성동구 84길52
598a0db4-e5e6-4183-9dba-60bee5100dc6,윤정미,남자,20,2003-12-14,대전시 부평구 35로32
77744398-f2f7-4a32-b075-cf6b5b300679,오수현,여자,36,1987-6-28,서울시 동구 6길53
bc5eca5f-764e-4192-a987-9c2c8088f314,조선진,여자,22,2001-12-22,대전시 북구 72로26
0b165f55-e154-4d19-8fdd-9d97b9c91559,이수현,남자,55,1968-6-9,경기도 성북구 94로65
67cffe0c-6622-445d-897c-e7e1b025e3c3,박수현,여자,82,1941-12-1,서울시 성동구 34로91
c0933b06-8d05-400d-9427-58ab092cfaa7,최미애,여자,37,1986-6-2,부산시 연수구 67길80
92dbccfd-f19d-43c0-9284-341a05d412d8,조수현,여자,34,1989-1-24,부산시 장안구 48길52
ad11239f-ea67-4c1f-9282-3e7d1f2d8f4e,강재은,남자,27,1996-1-27,울산시 서구 34길41
df4e3265-bf4b-4b39-a9f5-04af7d481619,이영웅,여자,49,1974-12-2,경기도 계양구 16길65
4dcca765-29ae-43b2-a983-4a4141c00ab8,최성진,남자,20,2003-9-23,울산시 서구 3길97
bfe59848-d033-4463-8c91-49b8f418679f,윤윤경,남자,34,1989-2-15,서울시 성동구 41로62
fe3f40be-0712-4089-9226-e0a7bec29c51,오영웅,여자,46,1977-9-13,대전시 강북구 71로91
94c7a8ed-020c-45e4-a445-44cee2ec7b42,조성진,여자,45,1978-4-21,부산시 성동구 57길9
85b7f349-266b-4b6a-b374-ffed9453743e,윤석구,여자,14,2009-3-6,서울시 동구 43길83
02a9e6d3-48a1-420b-a4f2-1c93db03365a,윤수현,여자,44,1979-5-16,대구시 강남구 94길29
d399dce8-71bd-4bbf-b9bc-a52bb4fdd477,윤윤경,여자,71,1952-8-12,울산시 성북구 49로70
9d74a95b-68a4-4b57-afc6-eefbcac6dcb9,강재은,남자,40,1983-3-25,광주시 부평구 11길58
c2cecd91-3a3d-4d35-9407-56a81b45928f,정미애,남자,48,1975-1-17,서울시 북구 88로96
3c1025e0-43b7-4328-a23b-070803a53f1d,정정미,여자,75,1948-12-11,울산시 연수구 19길70
9c0703c6-f3b4-46af-b981-bd66aaa2a3d5,이성진,남자,72,1951-4-8,대전시 장안구 41길56
33f571d5-52a6-402b-b398-ee61dc4b3a09,강영웅,여자,43,1980-5-26,대전시 연수구 95길47
bd1e4084-aef0-4377-926c-f129302ecdc1,박정미,남자,38,1985-2-2,울산시 분당구 17로70
ade8a56c-8099-4058-9f36-c92a57015c34,이영웅,남자,37,1986-7-15,광주시 동구 68길68
15f9a38b-bc30-4240-a036-b3e27ede013a,최석구,남자,27,1996-2-3,인천시 강남구 55길70
9c447da2-4a50-463d-b4e9-a3fd02489256,강영희,남자,65,1958-3-25,광주시 연수구 4길26
c9339e61-2475-4d80-9850-c8ab3259c9b7,박철수,남자,46,1977-7-4,강원도 서구 5길19
a0e42bbb-0f8c-48f7-ac12-bdcd99979e5e,강영웅,남자,64,1959-8-17,부산시 연수구 43길98
88093021-f213-4d51-b43b-fdd51ed8dc5c,강석구,남자,77,1946-10-17,대구시 성동구 28길13
f5278336-7d79-4485-bf18-ecf63e6eda0e,윤형섭,여자,69,1954-3-19,경기도 동구 34로90
c4571cec-d2f8-451d-b260-c833adcba8c1,최정미,남자,69,1954-12-25,경기도 장안구 39길2
4ae00889-0aae-4453-ac0d-35aa763b2560,강재은,남자,21,2002-12-28,대전시 부평구 94길69
5bc82eda-2b51-4320-b894-f2a91f927eca,박영희,여자,44,1979-11-14,대구시 성북구 88길43
6513d804-6401-439b-870f-6b0c29fb31d8,박윤경,남자,59,1964-10-17,경상도 서구 56로76
6958706f-a7cb-495e-b510-e84e9ccbc481,윤석구,여자,36,1987-7-27,경기도 분당구 16길73
a531c364-b3f3-4fa8-abdc-f539d43c4670,정석구,남자,41,1982-1-4,인천시 강북구 1길97
4ab01669-7a2e-45ac-91bd-7ff74742988c,최형섭,남자,53,1970-7-27,경기도 연수구 47로48
58a40af1-f20d-4f12-8545-6c3b4f9d6e6f,김형섭,남자,57,1966-10-5,대구시 성동구 86로6
cc11ba7a-ff1b-4046-830d-7278176d2c3f,박형섭,남자,19,2004-5-17,인천시 동구 54길41
87d764a9-2800-46ba-84a3-5125f996256f,김석구,여자,36,1987-6-16,부산시 연수구 76길25
88ed1915-ceaf-4df2-819c-7fb54edd7c4c,박미애,남자,67,1956-3-18,경기도 북구 43길15
92be9dd8-8abb-4c70-ab49-b738a0bc8e06,강영웅,여자,39,1984-5-24,경기도 동구 63로8
1884d6d5-8265-4b28-802f-5e35381cea0b,조석구,남자,73,1950-8-24,경상도 성동구 32로63
74a6f6cb-38b6-45a7-ad09-c4d23c4bbad0,강영웅,남자,50,1973-8-12,대전시 강남구 13로13
53eeb6f5-a1f8-4109-8a8d-b1c2b5f41d7e,강성진,여자,62,1961-3-14,경기도 동구 28로76
346e983a-05a3-4ae0-a9fa-b3f6aba38179,최수현,여자,45,1978-6-15,서울시 동구 39길2
a501712e-e42c-4d42-8050-4524821d907c,강수현,남자,64,1959-10-25,경상도 분당구 99길72
8c721748-68c8-47ec-a9d9-0771c93c86e1,최영웅,여자,27,1996-2-8,광주시 강북구 19길79
3fde5d6b-a992-4ec3-aa8c-9bd9dbe1af98,조석구,여자,77,1946-8-8,경기도 장안구 13길33
4756664b-6a4a-4de8-a54e-f56164a37a92,강미애,남자,69,1954-12-3,서울시 부평구 31길7
00d6eba1-b652-4387-829d-71f62e1eef9d,최수현,남자,74,1949-11-8,울산시 북구 86로73
1e03d8af-058b-4622-8e21-c722a5f8fb64,정형섭,여자,14,2009-7-23,광주시 장안구 59로76
f5895182-7ca2-4f34-ba53-c40521c3036c,이재은,여자,79,1944-2-13,부산시 강남구 9로8
fe957c7d-dd95-49ba-809e-51c4959c8de1,강성진,남자,38,1985-3-28,강원도 동구 22로43
274f91f8-e9e0-428d-b279-cac34b8ea13c,장재은,여자,47,1976-8-12,울산시 성북구 18길43
71eb4178-05d9-424a-ad5e-8867ede379c3,윤정미,남자,55,1968-6-6,서울시 성동구 46로88
6820802d-cc0f-4609-afd4-ac6c0aa3ae54,정선진,여자,39,1984-2-4,인천시 서구 49로6
20714101-a98c-4e40-b95c-af47b7a68990,윤성진,남자,41,1982-9-6,부산시 성동구 14로19
667fb354-a258-45da-84ae-951f3f251f8a,김윤경,남자,70,1953-1-13,인천시 부평구 37로77
a25272c4-f176-4464-8187-391e7ed9fd9c,정영웅,남자,22,2001-2-16,서울시 북구 76길96
aa2d781d-93f7-43c7-beb0-8f90d7269bd1,윤영희,여자,69,1954-7-5,대전시 강북구 48길74
d59fa060-0e1c-4e24-9e12-0e573f5e9689,박미애,여자,29,1994-12-25,인천시 연수구 56길17
a9fb4358-72c1-41ee-b5ac-a2a9abcba3ee,오영웅,여자,26,1997-11-8,경상도 동구 45로30
4a0811bf-ef8e-4f13-be77-d779a6bef422,조성진,여자,18,2005-8-22,인천시 성북구 86로51
46b43a38-50eb-48f2-b653-693530d4df92,윤철수,여자,57,1966-7-9,인천시 북구 44길72
807cff70-8049-4101-8e09-66e91346a625,이재은,여자,53,1970-5-6,강원도 강남구 43로51
0c04f223-f338-46db-be06-3c7c021e6349,장미애,여자,28,1995-7-26,광주시 동구 3로94
403feff5-d9b1-45d7-bd87-b3a46b1273e7,이철수,여자,16,2007-12-10,대전시 성동구 87길17
8e38be45-7270-4774-b7e0-b39f71eeaa66,이선진,여자,34,1989-1-1,대전시 연수구 69길17
78fc04f8-68b1-4998-a6b5-fa1fb4624be1,최철수,남자,70,1953-5-3,인천시 서구 4길1
b771e37b-5d4d-4708-b12f-384ad1628987,윤영웅,여자,27,1996-8-28,부산시 연수구 5길36
e788218a-010c-4f3b-94e5-a3b2265b35b6,박철수,여자,39,1984-10-4,대구시 분당구 26로76
b808a586-5752-4706-9da2-1e95cc384e48,오미애,남자,58,1965-6-2,광주시 성동구 27길6
98e1ef78-bce3-44db-80f9-a10e72644619,오정미,여자,69,1954-6-9,울산시 분당구 29길76
55df0ff5-7e46-498e-9ba5-462a7115e083,최석구,여자,38,1985-4-12,광주시 북구 28길30
4ea96be2-f01b-4c4d-a4ca-d01a5f0cbea3,조선진,여자,57,1966-12-16,광주시 강북구 43로87
450ccea2-cb56-488b-99df-28a255e28f9a,이영웅,남자,53,1970-4-5,대구시 강남구 14로14
3bcbdb5d-e0c6-410b-b26e-6903d588c47a,김형섭,여자,48,1975-1-4,서울시 부평구 33길51
ec883416-2ca5-42f5-b8d8-921ec53ca61d,윤재은,남자,32,1991-12-5,경기도 부평구 22로82
be0b43fc-b76c-4452-b817-d6dc54184bae,오미애,남자,44,1979-11-2,광주시 강남구 47로6
5fa3bcf7-51f6-41aa-a0cd-8a90674e34d7,강정미,남자,70,1953-1-5,인천시 서구 59길51
7cc5a649-7329-40d7-ac12-01b25742d254,조재은,여자,50,1973-10-6,대전시 성동구 98길37
6c52db48-52b7-4d1b-a66e-e2c1555c0fdb,정윤경,남자,81,1942-2-15,강원도 서구 62로100
a31bfb34-3ccb-4861-ac42-7d80bf7ac309,조재은,남자,61,1962-6-3,경기도 성동구 98로72
35b29149-b782-4c41-83ee-4f9c5769d5ef,김윤경,여자,71,1952-4-25,부산시 서구 5길100
43c71f5c-8b6d-4c96-a01f-009ca10f6b71,박성진,남자,51,1972-5-28,대구시 장안구 54길72
b396df37-cec5-4e27-a25d-ea5a98106b91,박형섭,여자,39,1984-8-18,강원도 성북구 100길82
77bc963d-88f4-4789-8797-224098da71e5,이수현,여자,76,1947-8-16,대구시 부평구 4길33
4fe69046-6227-4089-bcf2-d59b9e1ea176,김영웅,여자,68,1955-2-6,경상도 서구 64길20
30bd9014-3152-47ea-b8b9-d15ea3435845,윤미애,여자,79,1944-8-14,경기도 성북구 76길41
7389c75a-4ecf-4a6d-8085-0fe6ee8330d8,박윤경,남자,66,1957-9-6,대전시 연수구 20길65
72502598-8366-4d75-8dca-aa1efb1a83ea,정영웅,남자,39,1984-1-8,대전시 강남구 73로21
eac4ecc8-e35d-4674-bf6f-a8fa09be8185,이미애,남자,72,1951-3-7,강원도 분당구 2로100
4e7996f7-2edb-409b-9ddf-d9fed2a5e41b,윤성진,남자,64,1959-5-16,부산시 분당구 94길21
684941a8-c0e1-476c-9c09-f90ce1313680,윤윤경,여자,30,1993-5-11,대전시 성동구 15로62
5b9b00c6-ceaa-4a88-a215-3b18418389a6,정형섭,남자,63,1960-2-11,서울시 강북구 31로48
89192796-2be1-44bc-88bc-eb5cb68bc394,윤철수,여자,76,1947-7-26,광주시 연수구 22길99
c2d85489-a89d-4115-a772-b4267a33909c,윤재은,남자,61,1962-12-25,대구시 서구 70길44
313c0154-c107-4275-840d-0e8456afa883,강윤경,여자,23,2000-4-28,울산시 강남구 6길25
cf97d022-0a00-4375-8147-dd2a9da29cdb,박선진,남자,47,1976-11-18,강원도 연수구 57로62
6af91977-5800-4f34-896f-70ec380a88ef,박성진,남자,42,1981-12-5,서울시 부평구 96길42
c65b5b64-bfea-429a-95b3-223d5b2ec2f9,오영웅,여자,20,2003-4-16,대전시 강북구 24로44
88eea7aa-9530-4b59-8138-27574c2206a3,최영웅,여자,82,1941-5-14,부산시 연수구 96길91
5f128d40-e31d-434f-bf00-db1be990c8cd,오철수,여자,32,1991-11-28,대전시 강남구 22길14
c1f14d82-866a-474a-8d61-a6fd804d6390,이정미,여자,75,1948-7-3,강원도 연수구 10로72
dc347648-46f0-410f-8792-03bc230b45bc,조윤경,남자,48,1975-11-12,인천시 계양구 87길2
acdc2a50-b36d-46f1-bdd5-c0db719bd526,강선진,남자,61,1962-5-1,부산시 성동구 44길25
d8c0f5fc-89b9-4966-afe6-98f2ae2e7720,이철수,여자,27,1996-2-6,경기도 계양구 60로78
01308d0c-e632-41a8-a030-f33177d56328,이성진,남자,39,1984-12-14,인천시 동구 14로9
d1905dbe-c0cd-4692-b2ae-e76dc64f3541,윤미애,남자,35,1988-6-6,대구시 강북구 67길68
d9df1298-8887-4e9e-99d3-afa55df8ac4d,조철수,여자,14,2009-6-18,대구시 분당구 71길81
e1741a0c-4444-41b4-b71c-c924b4fa348a,강정미,여자,65,1958-9-12,대구시 서구 11길25
c5f6b1e3-3cda-4075-bbf1-a6d8a11f20c6,정재은,여자,49,1974-10-25,울산시 동구 32길80
53d0b9c1-908c-4a53-9875-406e1b752c38,이철수,여자,39,1984-4-27,경기도 강남구 7길38
cc1ec183-8625-4ccf-88d2-b8ade5d6a65a,장미애,남자,65,1958-5-9,인천시 성동구 86길52
460a7c16-a448-48a4-9286-07b26bcd5379,조수현,여자,15,2008-8-3,대구시 서구 55로42
fa457fe8-3399-4eb8-ae34-24c59a596e3b,오형섭,남자,39,1984-1-1,대전시 장안구 2길35
76effb83-e7b1-4a0b-9047-e1c146018cda,조석구,여자,39,1984-3-7,부산시 동구 91로8
720c68ca-1da0-4415-837e-e006650bab13,강정미,여자,73,1950-7-5,부산시 강북구 36길31
566fd3c6-bc20-477c-924f-5c49b1bd4868,이선진,여자,61,1962-4-21,광주시 서구 46로78
2be70376-0576-42e6-bc70-1437016ab301,강석구,여자,51,1972-1-17,강원도 서구 27길27
f509417d-b3ac-4c60-b1a8-c01b6f907dd5,이정미,여자,22,2001-6-23,대구시 강북구 30길81
282ae299-0c33-4adb-ad64-b992f1b05645,정영웅,남자,56,1967-11-6,경기도 동구 39길74
7605f5a1-3d4a-4b73-9f5e-993d3511c8ee,김윤경,여자,77,1946-8-27,울산시 서구 7길73
896c52c4-6fae-4b50-bbc4-6f709e1af199,조영웅,남자,78,1945-10-12,서울시 동구 71로36
98b323b4-656b-4225-9fe2-b2206bb8ac7e,조철수,남자,59,1964-5-10,부산시 계양구 65로6
8441061e-6afa-48b0-a95d-59e3e6c604af,조성진,여자,17,2006-9-13,울산시 서구 28로17
cd794308-d8ed-4287-98be-1ec78129a198,정선진,여자,76,1947-9-2,경기도 동구 7길2
88adda89-8743-4393-b647-174b8bf32b6f,정영웅,남자,83,1940-12-4,경상도 장안구 27로74
f2f435d2-ddf4-424e-9995-2191e2010cdb,오재은,여자,16,2007-5-21,경기도 강남구 17로88
7e8987ac-452c-404e-9cd8-0edc0af5df79,정성진,여자,75,1948-6-25,대전시 연수구 74로68
efb2e775-9989-477a-ae22-1cfde077d38a,오성진,여자,16,2007-8-20,광주시 동구 56길66
b234b4d7-7f7b-4d19-a708-435aa0da3079,조철수,여자,72,1951-9-20,경상도 성북구 95길72
2af5751d-3668-4c72-98da-4685238f0f9d,강철수,남자,42,1981-7-9,경기도 강남구 5로29
87891c6d-21bf-409c-9296-506fbc702bfe,장철수,여자,74,1949-6-22,대전시 계양구 53로86
2836e77d-1feb-4e65-b120-4b75b099351b,강수현,여자,17,2006-7-6,대전시 서구 5로62
82aceedf-6f27-449e-b077-5a1cb5504da1,정정미,여자,44,1979-5-22,강원도 북구 91로52
ee2fc6b9-d5e6-44cc-a5e5-980309e62925,김철수,남자,44,1979-1-5,강원도 강남구 43로79
07e6ce23-1d34-40e0-a013-3bccb0f961d3,강수현,남자,47,1976-3-1,광주시 강남구 53길67
7b7bc9fd-eab4-45c7-adc1-ced07be192e6,김윤경,여자,73,1950-5-14,서울시 성북구 10길25
e6a36960-a65e-415e-b702-ac3bfd5ac524,김선진,남자,49,1974-12-18,울산시 장안구 42길48
ff008a3b-5a17-4eb4-ac07-0df536e06111,윤영희,여자,54,1969-7-7,서울시 장안구 46길89
6637ec9c-fb33-47fd-9949-809c4cdedaa8,최영웅,남자,44,1979-7-16,부산시 분당구 10길61
16207cfb-dc06-403e-b7f3-de1cb82ef20c,윤형섭,남자,51,1972-11-1,인천시 강북구 77길47
af54cf6a-7035-4db0-b483-a8b16c095f04,정영웅,남자,51,1972-10-2,울산시 연수구 28로20
9692a0ea-0fcb-4eed-b521-a532f69d5e33,강형섭,여자,60,1963-12-11,서울시 서구 17길100
eb4316ce-79b9-460e-b812-a578b29e4f5b,이영웅,여자,59,1964-8-17,부산시 부평구 41로99
ddfae1a5-5e88-4c5a-b347-fa6ad2ef41b0,오정미,여자,27,1996-10-23,경기도 성북구 100길42
023b016d-a191-4009-a524-e1ae8d842fde,오선진,남자,18,2005-6-18,대구시 연수구 41로93
2f8b85b8-8a6c-4ab0-8cd3-1c76707c4671,윤형섭,여자,55,1968-11-26,광주시 강남구 25길28
a1dae642-d1eb-47d8-b006-874914810660,정윤경,남자,18,2005-4-21,강원도 성동구 49로70
8551613a-e270-4e61-b4b9-766d96969ba2,최미애,여자,29,1994-9-8,울산시 성북구 27길75
8d1c603d-59e9-4f44-9092-37e575f521e5,최윤경,남자,76,1947-9-10,강원도 성동구 75로62
4ac82328-af2b-49c9-8dec-29008aea15e7,정철수,여자,22,2001-5-1,서울시 서구 60길96
21a35738-ee30-43d4-beaf-746e9b07482a,김석구,남자,49,1974-9-18,경기도 성북구 71로77
16d05c34-af99-4b32-a3db-daa08f4b921f,강수현,여자,55,1968-12-4,울산시 연수구 30로4
a7664b9d-3d43-4c3c-95be-280f0d401461,윤윤경,남자,58,1965-2-21,서울시 장안구 7로61
7a3e5c99-3976-440a-ba3e-a51c988ff3f2,윤철수,여자,24,1999-5-14,부산시 분당구 86길27
056b4644-3c10-4024-bb7c-563f85b8e324,윤석구,남자,80,1943-10-1,강원도 계양구 11길92
a2c7f08c-ccaa-475d-b686-3e20b6f3a7e9,강영웅,남자,77,1946-3-19,인천시 강남구 17로55
b853cfef-ce08-4311-9df1-1790ee05e20a,박선진,여자,29,1994-2-26,부산시 분당구 52로48
7c60983a-0562-4dc1-aa98-6379e846c065,최철수,남자,54,1969-8-16,부산시 계양구 75로89
991c7fdd-ed7b-4433-a56d-1b80177b9f31,강수현,여자,22,2001-9-2,대전시 서구 70로81
2df07950-b920-4138-ab17-6ee12ba90b52,이석구,여자,15,2008-1-4,부산시 북구 91길69
b94b3f11-8095-4a8d-8046-966c8ba18ae5,장미애,여자,65,1958-9-11,경상도 성북구 54길39
be422a99-ecb0-4134-8390-8744a47a2da5,정미애,남자,28,1995-10-13,대구시 북구 60로55
5aa7d47c-7282-45df-a072-c696e64ef9d3,김재은,남자,62,1961-4-15,경기도 강북구 20길97
c0ca26c4-85d7-45a3-9f0b-d7c0af7a3260,조석구,남자,43,1980-8-13,대전시 강북구 12길9
4f22cbbd-bcd4-43e2-9591-7726d029a0a9,오미애,여자,60,1963-11-8,광주시 부평구 19길62
d19ff9bc-185e-4432-86d4-9c76d7fb60a0,강재은,여자,43,1980-10-5,광주시 강남구 61로23
c05f8aaf-2b2e-41db-ae51-219db64ce764,조영웅,남자,21,2002-11-12,대전시 동구 24길78
cafe4f5a-a907-4f94-930f-0a8900342507,장미애,여자,81,1942-4-26,인천시 부평구 75길99
32e216a9-83dd-4b6e-8238-d8b70cce549b,이선진,여자,62,1961-3-6,광주시 성북구 51로19
a148e29a-6065-40da-a505-dc810ed2ed7e,최성진,여자,83,1940-6-5,울산시 동구 77로32
9fefd637-f4e2-40c4-8d9a-36587857ac94,이형섭,여자,29,1994-12-17,서울시 성북구 22길16
79c4edf3-5acc-4b6d-8642-c416125c11c0,김철수,남자,41,1982-11-16,서울시 연수구 52로69
0e07f66f-6e57-4f91-9bb6-792ccba52a8e,오재은,남자,66,1957-8-16,인천시 분당구 52로59
bcd9c0bf-4e9e-4f4d-9956-593acc9359ca,윤철수,여자,18,2005-6-10,울산시 성북구 6길91
5161a28b-93c4-4e15-a406-14fb1145dd91,박철수,남자,37,1986-5-4,울산시 부평구 43로4
5f07b5e7-fb99-4799-963c-a78c164d0696,장윤경,여자,23,2000-8-23,광주시 서구 27길62
c201cfe0-6a82-4095-a2c3-b6bb7b6a8c12,정수현,여자,64,1959-11-7,인천시 강북구 63로8
9289519f-03e4-46af-a6bc-ab97a3a00284,오성진,여자,30,1993-7-22,서울시 서구 3로97
573d076c-b509-4fd0-a566-7be70e33f7fb,정성진,여자,31,1992-7-24,경기도 계양구 44로74
23077319-2589-4727-ab8d-61e15013ddb4,오철수,남자,82,1941-3-10,경상도 분당구 6로61
59305ae3-435f-4d03-a9d4-73beac23d8e0,최형섭,남자,29,1994-10-23,경기도 강남구 8로78
435b1602-71aa-4b6b-9162-8ce847e14ff0,박윤경,남자,61,1962-11-21,인천시 강북구 73로5
60ca664a-554c-4b4c-9156-b9d37343008a,박영희,남자,30,1993-12-1,대구시 분당구 40로63
038df594-8b1f-4b9f-9265-a1526f8f061c,정선진,남자,18,2005-8-12,대구시 동구 84로92
d7758caf-684d-462d-93c2-b9cc5b30c373,윤수현,남자,68,1955-10-28,대구시 성북구 90길71
d8def13a-f149-4999-bea9-dd135eec8740,정철수,남자,63,1960-7-10,인천시 성북구 28길49
e0ae8aaf-4b25-4d1c-a3b0-e22a608d76d1,이영웅,남자,58,1965-5-27,광주시 북구 10길51
16805b02-1014-47fb-b8a2-34ea9ddd4790,최정미,남자,58,1965-1-2,부산시 강북구 51길58
b3eacfc4-ae8e-43ef-a1b8-cc6bc5e16b88,김윤경,여자,50,1973-12-16,대구시 서구 55길52
75a37b0e-9890-4f85-b907-dd4b807540bd,박수현,남자,25,1998-6-2,울산시 강북구 83길41
37918b5f-9a41-44b7-a9cb-97addf0e5e36,박수현,여자,81,1942-11-15,부산시 장안구 54길89
247d7ed1-9c03-4f86-8bc5-63051519c9c7,김영희,남자,83,1940-9-8,울산시 강남구 26길59
290e48da-1c78-45d3-bee3-fa7837967d18,정재은,여자,43,1980-1-18,인천시 부평구 82로35
ddab015a-a77a-463b-b28d-f46e79b4c622,장영희,남자,56,1967-9-22,울산시 연수구 4로4
143cda8c-a3c3-437a-ae51-42be52bfea9e,조형섭,여자,41,1982-11-23,인천시 분당구 87로69
790ddf48-8dcc-456c-ab08-709f939aa8c2,장수현,여자,31,1992-8-27,경상도 동구 32로91
4bfa4feb-2e63-415a-977d-33084d2a5a94,김정미,남자,74,1949-7-7,광주시 강북구 25로24
9d9557c2-4c3e-4cfa-a1bf-5a2ede07193a,장미애,남자,59,1964-7-12,서울시 강남구 44길26
fe7d9cc3-de3b-4344-b35e-cd4929b0d293,장선진,여자,27,1996-8-15,경상도 강남구 60로88
538d7dd0-a841-4a8e-af6f-3290ce59e3fe,강미애,남자,15,2008-3-12,부산시 계양구 91길94
78e31e09-56af-4794-9663-ea3130bf43b9,정성진,남자,32,1991-1-26,인천시 강북구 33길21
ee5d018a-91cd-4402-8fdc-4a5ed6ffcf5f,박미애,남자,72,1951-7-11,경상도 강북구 75로4
112dd519-449c-430c-8995-8f0a2674361c,강정미,남자,14,2009-7-12,경기도 분당구 49길95
9f4e38f3-d23c-4d44-9878-de2ccfc6ad5d,박영희,여자,18,2005-11-27,부산시 성북구 11길56
d542fac0-83e0-4cbd-9586-860fb5602627,박성진,남자,51,1972-6-24,대전시 연수구 6로72
09c30254-6788-40c5-b101-caf29994181e,정철수,여자,39,1984-3-5,경기도 서구 65로54
00d96172-3d24-4c3b-ae01-b1e3f1d03437,정수현,남자,56,1967-6-1,대전시 성동구 28길11
d6f2ffbe-86fb-457d-bf44-2f9628769e2f,조정미,남자,77,1946-3-14,서울시 계양구 57로26
478eec6d-1010-4256-9fd8-3835f166b161,정수현,남자,37,1986-3-15,울산시 서구 89길19
5e867e66-af27-4df7-a6b4-2309502bfc26,박수현,여자,17,2006-1-26,광주시 성북구 34길32
414846cc-d99d-417f-9c98-51fc1f13321c,박성진,남자,64,1959-5-23,서울시 분당구 45로38
a013fe5c-15b5-4d5a-97a9-ccdffae07b7b,오영희,여자,25,1998-9-22,부산시 부평구 19길35
dc822d70-217e-4402-bf36-89631ca1f8e0,김철수,남자,38,1985-8-21,부산시 북구 8길65
cfcd7156-c188-4584-9c03-760aa5518a07,최성진,여자,47,1976-10-17,대구시 연수구 45길34
fa070355-2686-4f93-b40c-86b775aab4a1,이형섭,여자,66,1957-8-8,대전시 성동구 41길39
3a0ec88f-c0f4-4daf-afc8-1e1cd2871e63,이영희,남자,81,1942-9-8,서울시 계양구 27길37
7965aa81-5446-4bd9-a8ba-3f37d42438a9,김재은,남자,55,1968-5-20,경상도 장안구 96로94
d8dc99c3-caad-4732-8e6e-9ef0a578142e,장석구,여자,23,2000-9-5,대전시 장안구 5로36
9f513922-efe5-4850-af9f-d1d1c65c4f5f,이윤경,여자,55,1968-10-12,부산시 강북구 69길41
70ccd06b-0547-4263-8318-09a61d022f9e,장윤경,여자,55,1968-1-24,강원도 서구 45길77
e9325111-80a8-4d8d-8a47-f5c9dea03e61,김미애,여자,28,1995-12-25,강원도 강북구 83로9
9e240685-b698-4b18-8cb4-2f7baf788890,정정미,여자,51,1972-7-27,울산시 강남구 87길38
eb31d005-5ff9-4bf7-b59f-cf7e805218ba,윤영웅,여자,40,1983-6-3,인천시 강북구 42길30
9b256dc1-6e82-4a89-baa8-16ef3c59e478,조선진,남자,39,1984-12-28,서울시 부평구 28길20
8fade8d5-be47-429d-91fa-587649fb0146,윤수현,여자,34,1989-1-23,부산시 강남구 8로35
d1e175ab-afe4-488a-a959-71b4f6ae873d,윤형섭,남자,69,1954-4-7,대전시 동구 70로7
8dc508fb-33ba-4090-8e68-b04f4f9a4e33,장재은,여자,43,1980-4-8,강원도 장안구 54길16
248f71e8-c0be-402c-be47-fb9e81826ab9,장정미,남자,27,1996-2-13,대구시 강북구 76로32
70643d95-52a0-4fe7-9b54-7a1f2ee5598e,윤석구,남자,82,1941-5-3,대구시 장안구 43로2
4d3d7335-fe4e-4259-a6a7-d57a6778fd97,박석구,남자,40,1983-12-13,대구시 부평구 55로48
6b481513-e5ac-476d-9823-151971eb11cf,최선진,여자,59,1964-8-6,부산시 성동구 52로51
c15b5aa1-9d86-498c-a379-5f8156685268,장재은,여자,72,1951-3-5,울산시 동구 47길64
2e30261a-c04e-4088-b219-cbe6bb986ff6,최선진,남자,67,1956-3-8,서울시 계양구 20길37
47dbfc52-8a94-4854-894c-256bfd8640d7,윤재은,남자,55,1968-9-27,대구시 계양구 71로14
9e0516ee-7977-43ac-8f18-ea5cfc48d9bd,정윤경,남자,51,1972-11-23,울산시 분당구 7로26
5b2ef126-f4cf-4b7f-a6ff-21e587e5287d,김석구,여자,28,1995-2-21,부산시 성북구 10길11
2c58ed09-785b-4e50-a1d2-5533338268f0,정성진,여자,48,1975-8-22,경기도 서구 69로57
90f3a733-3feb-4177-a010-53a47bc467fe,오미애,여자,22,2001-12-18,부산시 성북구 4길32
392a8169-33dc-4670-9961-60c264180c21,최수현,여자,65,1958-9-27,부산시 성동구 3길1
a0797f26-6d2a-4163-8950-511b453399ee,이미애,여자,67,1956-3-27,대전시 북구 63길18
311c2a28-7980-4588-a728-6e7ef9042835,조형섭,남자,54,1969-5-10,광주시 북구 28길27
1ab3b16f-253f-4714-9c6c-60289d6942a6,오형섭,여자,25,1998-8-21,대구시 강북구 16길34
de05e8a1-a66e-4ff5-b6fc-f7a1f3ad81bd,이영웅,여자,20,2003-1-20,광주시 부평구 95길44
d6fd887d-5967-4cca-a578-679295a9d113,오석구,남자,66,1957-8-27,부산시 강남구 18길63
0cab7f2b-c8a3-431e-ba0b-ea24a42d156b,정수현,남자,75,1948-4-1,경기도 강남구 2길93
1dbe90cd-055b-4787-ad89-2f232bedca7e,정윤경,여자,61,1962-1-12,부산시 강남구 5길1
1fb309dd-eb15-4bef-9980-c580f3ba49c2,윤영희,남자,45,1978-10-5,울산시 부평구 78로13
fc09e0eb-31dd-4cc3-886e-26f09bec1cbe,오영희,여자,46,1977-7-14,강원도 북구 56길83
1130f017-a0e6-4923-a257-163ed101cd2b,강미애,남자,59,1964-9-22,서울시 계양구 2로6
d697f98d-8f72-43d2-860e-424ad4378812,이선진,남자,26,1997-8-12,대전시 성북구 10길78
7fd5426c-961c-475d-85cf-975f030e341c,김영희,여자,78,1945-11-26,경상도 북구 34길32
cefe13fb-03c6-4a0e-93aa-d2b62cc762d9,김선진,여자,71,1952-8-27,대구시 장안구 53로70
cd546496-42c4-45b8-8b9c-88416e5961b1,정정미,남자,70,1953-10-13,대전시 연수구 26길25
63b9bb35-2d56-4d8c-a646-b8f45dbcbe4e,윤정미,여자,50,1973-9-2,대구시 동구 50로88
aec682fd-a83d-4e0d-b0e8-acc2022b55b8,장석구,여자,66,1957-7-13,강원도 성북구 34로3
741b02e2-8d14-4f06-aa14-639066cacf31,강미애,여자,70,1953-9-2,울산시 성동구 52로20
5956133d-6952-494b-ac5e-448414868985,오형섭,여자,42,1981-11-5,대전시 서구 38로83
6913bd79-f043-48fe-92e1-07f3937edf72,강형섭,남자,66,1957-3-12,강원도 성북구 98길52
c6735c84-8167-456f-856e-8eba2299e944,이재은,남자,45,1978-12-6,광주시 부평구 57길10
8abb6c7b-3886-41ef-bcb2-747921ea29f9,강선진,남자,72,1951-10-22,부산시 서구 9길99
76959b28-0b6f-44cc-b4aa-1e9d726c80e6,이미애,남자,73,1950-7-6,강원도 서구 56로37
76805bdd-ee21-476f-aef4-80d804412dd3,조영웅,여자,18,2005-7-11,강원도 강북구 78로33
f294a165-ccbf-473c-9743-02ce0ea91a33,최형섭,여자,24,1999-6-25,대구시 장안구 46로12
94316a42-8f49-4206-a937-0909dc1ee403,강영웅,남자,83,1940-3-6,부산시 동구 4길45
2f7fbc24-ca4c-4845-b750-c4c42d4932b0,정미애,여자,25,1998-10-9,서울시 강남구 92길61
f6bdab1c-e7d6-48c4-856a-a2722a1bab84,박형섭,여자,20,2003-3-9,강원도 분당구 70길17
f1d2afa0-b1e4-41e3-8019-2c0e1f7d46bf,박성진,남자,19,2004-12-20,대전시 계양구 45로19
6c6eeaac-a5ac-4174-b60e-0b521b97ec18,박윤경,여자,53,1970-6-27,경상도 장안구 61길38
1c4beb9e-a0a7-4b6e-8cb9-08afca1348b9,이성진,여자,37,1986-10-16,울산시 강북구 6길91
e6c4702c-7781-4aca-93bd-f24d964e31cc,박윤경,여자,46,1977-3-4,대전시 동구 27로77
0d828f24-d0be-49cd-a330-229714a1def2,오정미,남자,30,1993-9-6,울산시 장안구 99길73
7ee29a2d-42b6-4731-be4a-b639c6fed2e7,윤윤경,여자,26,1997-7-3,인천시 동구 47로31
99bfd609-8955-4c59-b150-40a5977b649e,정윤경,여자,76,1947-5-16,광주시 연수구 30길37
45b94edf-0a3d-4dda-83a1-017566498410,최철수,남자,26,1997-9-19,경상도 분당구 44길6
9986ea25-6dfd-4bcb-bc98-6f3e699179c7,조철수,여자,34,1989-11-23,광주시 장안구 76길82
010cf5d2-8fb6-4702-852f-5c29d9610d2d,정영희,여자,77,1946-8-18,대구시 동구 27로45
c363cac7-a678-44a5-b38e-9b48750698ff,최선진,남자,67,1956-9-7,부산시 북구 25길47
4ba6102e-c6ab-4673-b7e0-162b3d6827c5,이수현,남자,81,1942-1-2,강원도 강북구 20로15
7a746991-cdf1-432d-9349-2a3e651f77c8,강형섭,여자,16,2007-7-1,경상도 분당구 46길71
602da683-aeff-4928-9a87-74c48c572505,최석구,남자,56,1967-8-26,대구시 강북구 69길1
4ae3758b-e259-49b5-b977-d089b8fe27a1,오재은,여자,70,1953-11-8,울산시 장안구 95로66
b3d9deb0-6407-4e13-8017-ad917e19e9d8,정형섭,여자,82,1941-9-20,광주시 동구 44길91
912250a2-c4c1-4eaa-a549-865b98d2d17f,윤영웅,여자,77,1946-7-12,부산시 장안구 94길74
1beb37b2-b619-4dc3-82e9-36b391f6e904,이석구,여자,77,1946-9-8,경상도 동구 35로37
78f4da33-9cf1-444b-9d77-b3419b26c2d9,박철수,여자,47,1976-2-19,인천시 성동구 18길35
dd3f5538-5bd4-43b3-8ed8-623891b6ec82,박영웅,남자,79,1944-3-19,광주시 성북구 40로98
6ba8f52c-1633-4f6b-856b-1d2464dc9546,장수현,남자,23,2000-5-6,인천시 부평구 41로13
80d77aa5-7114-4ad4-9221-279f3e99cf37,이미애,여자,18,2005-3-9,부산시 강북구 65로25
8f035825-828e-4a57-9471-58272d3a05c1,최재은,여자,24,1999-7-12,부산시 연수구 39길62
2dfe70fc-8a48-45a6-85e5-b685a5dac017,정영웅,남자,70,1953-9-27,서울시 분당구 22로2
68d97556-96d4-4c45-8818-c5d8c57899db,정정미,남자,42,1981-10-2,광주시 장안구 17로99
7e3cfaf1-50b9-48a5-b203-2d16ac855c9e,이영희,여자,78,1945-5-16,경상도 분당구 42길46
7f5b3326-59fe-4ae3-b29b-e3d0d72af8a3,윤수현,남자,43,1980-12-20,대구시 장안구 13길9
7fe071e3-457c-4380-8880-beccf1db1ff1,조성진,남자,69,1954-5-11,대구시 북구 73길54
9e5ba3ec-acba-4408-a8c7-d11bab59df71,강수현,남자,20,2003-11-10,대전시 동구 70로32
5a5fea20-a69f-4f3b-99f6-9128f1e505fd,조미애,남자,52,1971-5-4,광주시 부평구 89로41
82bdaa1f-1d23-4b1c-8f7a-e35947bcb266,강수현,여자,27,1996-8-20,강원도 분당구 62길36
f8489123-67f5-4bad-8ec5-ea41e2cb7832,장철수,여자,30,1993-7-4,서울시 강남구 89로11
36320aae-f913-45bc-843f-c1fd721bdce7,최선진,여자,65,1958-1-28,대전시 동구 44로91
e032630c-d6ad-4c5f-bff6-9745871743e2,조형섭,남자,48,1975-4-11,울산시 장안구 10길86
095f214f-a4f8-49dc-8d9b-1e1c3bf8f9fa,오정미,남자,28,1995-12-21,경기도 강북구 100길15
c4338335-d52b-4a8c-8065-e7ee6f77c9c9,윤재은,여자,68,1955-11-4,대구시 강남구 64길44
95b7ce1f-97d0-4f2b-a3b2-367dd22182e2,이석구,여자,67,1956-6-26,경기도 부평구 5길67
ce03e1a8-77ca-4582-84df-c0b13c2a71ca,최수현,여자,61,1962-4-4,대전시 장안구 39길23
f430fed1-c0bd-47f1-9708-782210d45126,최영웅,여자,67,1956-12-22,강원도 강남구 42길58
42e7291c-8652-4967-bb06-a1179d6330b9,박영웅,여자,44,1979-5-12,울산시 분당구 52로60
b57acbeb-19ed-4bc3-91d2-aceefc0f3583,박선진,여자,64,1959-3-3,대구시 동구 3길69
62d65f3e-beb7-466b-95ff-0c25245a9d45,정수현,여자,47,1976-6-13,광주시 강북구 72길98
047362b3-2807-421e-b27b-191a5c1ba7bc,조수현,여자,73,1950-3-7,경기도 장안구 42로21
c4523847-e41b-4dbd-aace-c236664abba9,오정미,여자,20,2003-7-5,부산시 장안구 21길2
a71307e6-a0aa-4023-9626-662072536f02,오영웅,남자,30,1993-11-19,경상도 분당구 69로68
6a44658f-459f-419c-bc18-2f853fe9f0f6,김영희,여자,25,1998-8-1,경기도 성동구 72길63
3cdc7449-7099-4211-9303-ed671f9fd927,장영희,남자,17,2006-10-12,경기도 강남구 28로10
fe728224-30ce-48d5-b92a-4c4e60311dfd,최미애,남자,37,1986-1-2,부산시 북구 7로32
4325a441-890a-4210-b882-880f03c86f36,이영웅,여자,25,1998-3-28,대구시 부평구 8길13
acfd3216-223f-48ad-9eed-762f4a0c13ee,김형섭,여자,15,2008-11-13,광주시 분당구 6길39
c0f46d41-1ee8-41ce-97b2-1a23950d05f6,정철수,여자,44,1979-9-24,울산시 강남구 27로92
e662fa35-6b4d-4092-a63c-11f74f0950c1,박재은,여자,24,1999-9-9,경기도 계양구 15길32
709ce2ea-62ba-43b9-b7e2-b2147324affd,오미애,남자,25,1998-6-8,대전시 강남구 33로97
f420c581-3d19-4aa4-af0a-7906d460028a,정석구,남자,64,1959-8-26,울산시 성북구 76로28
52d53c4f-f62a-4721-a239-2a875c16f7ec,이영희,남자,45,1978-12-23,경기도 장안구 5길75
815adbff-3cda-429f-8eba-6ce65be2580f,오철수,남자,44,1979-3-19,경기도 부평구 94길32
fdc4ae34-ac99-4680-8cfc-05e3d7b19bae,윤영웅,남자,15,2008-2-26,대전시 강북구 50로93
3acc26bc-00ec-4e37-a44e-87cd77123cff,최영희,여자,65,1958-10-6,대전시 성북구 69로87
7d8c39af-ef50-4c5c-bb8f-f65896343b76,장수현,여자,21,2002-7-13,서울시 강남구 68로99
a68f567d-abf5-4ed3-9e6b-ba5a982843a6,정미애,남자,51,1972-2-13,부산시 동구 29로94
8448eed2-9a5b-4e6b-8761-54494304bbee,정성진,남자,50,1973-10-28,광주시 강남구 68로2
259636b6-5415-47cc-948a-6fd9640c8baf,조형섭,여자,29,1994-11-14,부산시 계양구 70로78
a5a45b0d-727c-4b7a-a784-c78aa1ec4daf,김정미,남자,79,1944-3-10,경상도 부평구 87길43
cdb3e091-28cc-4846-9525-e3ab54a00e5c,강영희,남자,35,1988-6-19,인천시 연수구 50로35
9eb1392a-6672-4a65-8b08-828e4e0476e4,이윤경,남자,25,1998-10-23,경상도 계양구 20길62
2459a4e2-0f58-46fb-9e94-de0dd1e0c4a5,오윤경,남자,32,1991-11-5,대구시 동구 7로57
d69cc3af-a30c-4e18-9f88-7b41b15a4658,오성진,여자,46,1977-4-5,서울시 계양구 67길41
d47140bf-5342-4abd-b18a-b1feb839f9ef,장철수,남자,19,2004-5-7,울산시 계양구 64로31
faf35857-5d5e-49a0-b825-8a0a4104f5c9,오수현,남자,78,1945-5-9,광주시 강남구 61로15
6ea80871-6de5-46a6-a058-39a0fcd56e46,장영희,남자,23,2000-5-28,경기도 계양구 12로60
cc1a6ded-9842-468a-aac5-51311935f53b,조수현,남자,66,1957-5-7,대구시 장안구 70길95
28dd0003-81e0-44d2-913a-c4068e9a14c9,조윤경,여자,52,1971-2-21,대구시 강남구 33로50
95037c84-a6c8-4b32-bbb5-39ec2387b4a2,강수현,남자,19,2004-3-20,광주시 부평구 59길32
ca406c30-ec87-42c1-b9ca-8223dadeb9a9,박영웅,남자,45,1978-4-1,울산시 북구 83로58
62d48ad7-3fd1-47a3-8ed7-4131953e8307,오영희,남자,63,1960-10-3,경기도 부평구 56로33
180f749a-5e4b-42fc-b11e-89800c7c96be,강석구,여자,27,1996-11-25,경기도 부평구 49길23
8e656baa-6b44-4571-b8a1-6a05b8d760ec,정선진,남자,22,2001-9-8,울산시 북구 17길95
7bd379ab-aeb3-4cb4-b5f7-5340b6ddf3bc,최형섭,여자,38,1985-11-3,부산시 분당구 72로30
d43ee647-b86a-4964-aa93-87f083957854,강수현,여자,49,1974-7-18,부산시 연수구 4길7
f71c678c-7c0d-4e4b-afe8-d0e12a47116e,조영웅,남자,70,1953-7-5,강원도 성동구 1길34
4424e68b-a7b1-49fc-a5b0-ca120ca665aa,조선진,여자,75,1948-2-15,인천시 부평구 94로73
38505dbe-1edd-43a6-af55-2b632d96ccb7,장형섭,여자,81,1942-8-4,대전시 북구 69로46
068930e0-e80f-43ef-8ac7-dc14866d988b,오석구,남자,52,1971-12-3,서울시 강북구 51로71
1eb4c9f5-6fda-4837-a3cb-b6ae020ce202,정석구,남자,45,1978-11-17,대전시 강남구 70길46
0d510832-71b3-4af6-9d3b-132864b851f5,강영웅,여자,38,1985-10-17,울산시 성동구 27길11
142584fe-65f7-45a1-8fd1-431eddc978cf,조선진,남자,23,2000-10-26,인천시 성동구 21로57
3a089b72-221a-4b07-968d-9e25c4c1a26e,이철수,여자,17,2006-3-27,부산시 북구 45로61
f37e339b-3976-4552-a4b1-6abcec372342,조미애,여자,80,1943-5-26,경기도 동구 65길24
2bb1d63c-f048-4ce1-bfd9-b8d69b47d674,조석구,여자,25,1998-1-22,부산시 계양구 29길5
21e5f567-f622-4192-b986-5156bad2de58,김철수,여자,77,1946-8-13,인천시 성북구 29로58
248b69f2-35c4-4050-9619-958334ff3390,이정미,남자,22,2001-2-20,강원도 성북구 40로52
ddb31983-5269-47f6-9295-95a2451b06de,최윤경,남자,69,1954-1-2,경상도 성동구 44로54
44853799-0859-45a2-ab0f-26a6bfc14f0e,김미애,남자,74,1949-5-9,경상도 강북구 74로6
e5107c59-3a25-4a23-b5f2-9883b71dd473,김영희,남자,46,1977-11-28,서울시 동구 79로14
b69de7b1-2fcf-42cc-8f78-353555d2915b,정윤경,여자,68,1955-12-18,대전시 강남구 7로91
e85bec44-c887-4d28-b1fb-7532812eae99,윤정미,여자,20,2003-10-20,광주시 동구 6길68
e64d2e8f-72ae-44de-bdfa-9b21c99df143,오철수,여자,29,1994-7-18,광주시 계양구 78로32
994c9752-b032-4974-97ea-a1e0b3ecc8c8,장성진,여자,44,1979-12-14,대구시 연수구 36로46
1609ce17-fd9f-49ca-b1b6-6fa70d515a18,장영웅,여자,70,1953-9-5,울산시 성동구 80길20
198a049c-1fdf-4537-a17d-b89f4b00f43a,이미애,여자,80,1943-8-3,서울시 성동구 47로24
fce02f35-efbd-4e44-b646-016fa5dd5707,박영희,남자,58,1965-10-9,서울시 분당구 96로67
2cfcf594-8922-4335-990e-8530aaae85ff,장철수,여자,49,1974-6-20,광주시 강북구 55길45
b27de908-cc7b-4df1-b3e9-376b07e04802,강형섭,남자,64,1959-3-5,울산시 연수구 39로77
a52c72e4-310b-4d26-9770-0ba7b86ec951,최재은,여자,21,2002-6-20,경기도 강남구 50길11
0caf071b-8575-431e-ad69-accae489477d,이미애,여자,60,1963-8-26,대구시 동구 23길28
49dfc83e-4d8c-43b6-85f2-8d32c3258e87,김철수,남자,37,1986-5-21,부산시 성북구 50로9
a1152ab2-804b-4264-b8a6-21fe2b6eb56c,윤영웅,남자,29,1994-2-27,부산시 성북구 55로64
5ee3bb2b-f035-4eb6-9524-220341f92cca,정영웅,여자,75,1948-11-13,대전시 강북구 90로79
eb50c37b-7ae6-403c-862c-f6d148fda353,오윤경,여자,19,2004-7-25,울산시 부평구 75길15
cc315def-32c9-45ee-8367-402573f466c2,윤성진,남자,79,1944-7-11,경상도 서구 98로37
4d0fd4bc-934c-48f3-a630-6c35cc1544c1,박철수,남자,41,1982-11-2,대전시 성동구 38로42
dbc36ddc-29a6-4fbc-8a5e-245d5f769ceb,장재은,남자,54,1969-12-15,경기도 연수구 81길34
aaab8c22-f7a6-449d-a904-f2ca1f8d5b78,오석구,남자,23,2000-8-1,울산시 성동구 17길46
bc2cac77-dc48-4922-bd7b-cae42befb20a,윤석구,여자,82,1941-11-19,인천시 성동구 29길53
b6d247fd-f2db-4c19-9dba-fab604ca9600,김수현,여자,23,2000-6-16,광주시 연수구 82길32
36bb1b04-e090-4c2a-b13b-addd0bebec31,이철수,남자,34,1989-7-2,경상도 성북구 39로61
f0ab561b-12cf-42ae-b4ac-069403ec2192,강정미,여자,28,1995-2-11,강원도 북구 18길29
37f36610-6147-4abd-a780-9d3e76343065,김미애,여자,48,1975-1-5,인천시 분당구 28로28
4352c0b1-f47b-4fed-9d6a-a3883769f2ef,윤재은,여자,50,1973-6-1,경기도 강북구 92로15
a8057cbc-72f3-4282-b446-a522e9dab61d,최영희,남자,58,1965-5-4,울산시 장안구 76길74
4f298db9-b5f0-4e93-9245-dd17f5ad9412,강선진,남자,72,1951-10-25,서울시 북구 35길46
53695c98-edec-4026-86e2-54f1b851c726,오형섭,여자,70,1953-8-4,인천시 계양구 69길64
cbb8917a-737e-4568-abdb-69cb4f0f8835,조미애,여자,32,1991-9-16,경기도 계양구 76길47
55efd534-6b81-4dba-b382-252abd812ddc,정윤경,여자,62,1961-4-27,광주시 장안구 37길64
f288a687-5c96-4a7b-a255-0cdbb9b09666,최철수,남자,53,1970-11-10,강원도 성북구 41길30
cc0e2091-0cd1-476e-b5ae-8c4470a34140,이영희,여자,65,1958-2-27,강원도 장안구 23로18
d0554048-c7c6-4290-8dc5-90a142980122,이형섭,여자,61,1962-6-28,광주시 부평구 94길30
0f972061-d4ce-4dcf-b58e-a21c2d1618f2,오선진,여자,61,1962-12-28,서울시 연수구 46로79
6e748271-55b4-44f3-84cb-b0aedf0a21e5,조영희,여자,43,1980-11-20,대구시 부평구 46길97
81899654-8a1d-4aef-b35d-6f6d6539c1ab,최정미,남자,29,1994-6-12,대구시 장안구 30로80
45d92fb7-b058-4bf5-800c-690ffa4a0368,조재은,남자,68,1955-5-9,대구시 부평구 47로13
6e3b3edb-59cc-4963-9eba-fb69b6ff75ee,오영희,남자,67,1956-9-18,울산시 성북구 75길8
4da184ca-c5a6-45ab-b55d-130a43c1244c,조형섭,여자,45,1978-3-27,서울시 부평구 91길77
d1a6698d-464e-4ada-abe5-e1596bd9f374,박수현,남자,27,1996-11-23,서울시 강북구 83로7
69e4e180-2032-4329-ab91-2ebacda087e1,최철수,남자,68,1955-1-18,강원도 동구 68길33
124aa950-f950-4817-bcf9-e5d6afabeed9,오윤경,남자,61,1962-8-4,대구시 연수구 54길7
f366c233-ad6c-48a1-9aa9-18816f3c24d8,강성진,남자,52,1971-8-10,강원도 연수구 17길54
4949f91e-4f27-4f01-865a-4e23089fd60d,윤철수,남자,44,1979-2-3,경상도 동구 100로59
a137c951-3e86-41f1-9e76-6593a29a29e6,조철수,남자,64,1959-1-26,강원도 부평구 96길61
a6c2eea6-8c5a-4f71-b030-d973fe0d70e7,박수현,남자,39,1984-9-10,울산시 부평구 32로66
2b95c78c-b4c0-45e1-81cd-d878fda1fd4c,정미애,남자,22,2001-3-9,대전시 장안구 10로33
8c981f7d-c2cd-46e3-977a-e04348f93e69,박미애,남자,44,1979-8-1,광주시 성북구 72길58
7269c043-dac5-4332-a476-14211a53a430,박수현,여자,55,1968-3-8,인천시 동구 79길68
4c5211c8-f974-4c54-8995-5e680f4362da,정윤경,여자,54,1969-6-18,광주시 강북구 62길87
594f69a1-2743-4d9e-b1c5-838dee1897e9,강영희,여자,32,1991-2-11,경기도 분당구 21길18
c7b6d781-fb27-4a43-b6f6-6d089094cc2f,장정미,여자,18,2005-8-10,인천시 강남구 92로76
6824d171-f842-42cb-94f2-dd8de689af81,이정미,여자,23,2000-3-25,대전시 강북구 96길98
03858341-f999-450e-81a8-e959f3d19f5c,조형섭,남자,81,1942-7-19,대전시 성동구 41로69
4fc83f41-45eb-4caf-820e-3144816d3663,박선진,여자,37,1986-6-13,울산시 성동구 54길70
8a2dadcb-7c02-4044-9f14-078115118e54,박정미,남자,47,1976-1-28,경기도 성북구 29길28
c807e8a2-3f2d-433b-b026-057a8d4ea09e,윤윤경,여자,39,1984-10-22,대구시 부평구 98길62
ecd37c28-d255-413a-805d-b720bdd42678,최영웅,남자,76,1947-11-5,광주시 동구 93길64
da46a23d-17fd-4507-b2eb-b3e6a8daf124,김성진,남자,55,1968-11-22,강원도 강남구 28길81
7d12b4b3-bdbf-48e7-94ee-367bf73ef13a,정미애,여자,36,1987-7-11,울산시 장안구 13로20
bcb1489e-89a8-4cd5-92d0-cf47bf610bf6,윤미애,여자,24,1999-8-3,부산시 장안구 37로41
b37067f7-67c6-482e-a468-8c6cedfb1ba0,조수현,남자,57,1966-4-9,울산시 성동구 44로22
fc3f2aee-ad2d-488a-862b-93df41e6e35f,오수현,여자,66,1957-3-9,부산시 분당구 21로98
72c054af-0b83-42c2-86e5-5fe53f8c6dcf,정선진,남자,34,1989-1-18,광주시 성북구 89길50
9c3f5ccd-8c3d-4cd5-9019-eda006a90d02,이석구,여자,82,1941-10-27,부산시 연수구 31로30
e2588133-88d7-4593-a563-5af95c020482,정미애,남자,30,1993-3-1,경상도 강북구 51길17
5a91c9bd-4b05-4fae-a2af-c09a03148d7d,최영희,남자,55,1968-4-1,서울시 성북구 39길33
390757f7-2f70-43c5-abec-722f4f163544,오석구,남자,36,1987-6-27,인천시 부평구 90길89
cc4d6f88-9e2d-419d-81da-046cb25d1d08,조선진,남자,82,1941-1-21,대구시 서구 41로33
be6b7151-f9ff-45cf-b04e-94372ed4a212,박수현,남자,29,1994-4-14,서울시 강남구 48로93
46ac30b1-10fb-46cd-8e43-3e2ebc6a67d6,조석구,남자,68,1955-7-22,인천시 강북구 4길41
23f4597b-b800-4b35-84fe-217c8c5d84f6,장정미,남자,16,2007-11-24,광주시 성동구 9길61
ae1467d1-123a-439e-bed8-c50f4d9bd34b,조윤경,여자,66,1957-3-3,인천시 서구 60길29
51d1cbb3-7168-4a2d-b290-8d221289ca4e,오수현,남자,55,1968-8-23,인천시 강남구 28로52
6fe82bb5-8240-4b77-9f12-9f96947c93c5,조미애,남자,20,2003-11-5,대전시 분당구 42길38
2d94a478-f34b-4a2a-9caf-c83c0b646077,박성진,남자,61,1962-2-27,경상도 계양구 46길96
1e31866d-d879-4b82-9660-b4b0b15f9525,최미애,여자,75,1948-5-16,대전시 강북구 53로49
dcd5ec72-301c-49e8-838f-40437d33c8e9,이미애,여자,62,1961-11-6,울산시 강북구 97로6
421fb121-c571-40be-b51c-43dd6700d0bd,윤형섭,여자,34,1989-8-11,대구시 성동구 80로21
3e6c863b-bbac-4f23-bfcd-0df717d1fad4,장재은,남자,35,1988-7-21,부산시 북구 2로47
f9317b98-4524-411c-a804-773d84b82b05,오형섭,여자,77,1946-10-27,서울시 북구 99로47
fc981849-883f-4b9a-8f40-e9180b0b2b83,장영웅,남자,70,1953-9-22,인천시 강북구 21길84
932ad80f-6084-44c3-bc18-824c9db4720f,조윤경,남자,82,1941-8-23,울산시 연수구 43길51
4326eb39-f649-4b05-8cef-f85ebd619449,강재은,남자,50,1973-12-28,대구시 장안구 92길95
14d2e882-7bda-434e-b06e-236642087d44,박선진,여자,22,2001-6-8,부산시 계양구 47길1
86bc2de2-f73f-495a-80be-7a18aa304c6b,장선진,남자,80,1943-4-23,울산시 분당구 65로89
6d49808c-45b2-4a50-bae6-be67a9af73fb,윤철수,여자,76,1947-1-28,울산시 분당구 23로23
19ab03f2-044c-4e62-ad3c-e253c3712e71,최정미,남자,19,2004-5-7,울산시 강북구 96로16
3692a85e-8b18-4447-94d1-b34c9ee847bb,박미애,여자,56,1967-9-7,광주시 분당구 98길36
5df1af9a-880d-40bd-9f3b-996775c8cc14,강정미,여자,26,1997-11-1,울산시 분당구 18로33
49aafef5-9f24-4a59-ba47-6ab85ff792ba,정윤경,여자,37,1986-1-7,인천시 장안구 52길67
546d5028-a32d-40fd-979f-c20d831ef355,오정미,남자,16,2007-5-21,대전시 강남구 96길82
7c173805-5b7d-4f02-bebd-3371212582b4,최영희,여자,37,1986-12-24,강원도 장안구 2로90
083e55c0-5ddf-4705-832e-48c81d32b0bd,이미애,여자,38,1985-9-10,인천시 동구 95로67
5c7b83ff-a78e-48fd-8577-ada658d4db8a,윤영희,여자,77,1946-11-6,광주시 분당구 87길85
73d3517b-a7e3-4d73-9cad-d4e8cf1d4ec5,강윤경,남자,49,1974-11-24,부산시 부평구 35길51
ac34f64f-0513-4707-845c-2f2cfb5da037,윤석구,여자,83,1940-1-6,대구시 장안구 88길4
aaed4b8b-9f40-4e80-be71-f442d3cf9535,최미애,여자,18,2005-8-1,광주시 성동구 17길12
f8ce9b1a-a351-475b-a65d-77928e2c7174,정영희,남자,64,1959-3-10,경상도 강북구 20길9
28f90dc8-9da6-4656-ad9a-147f2622471b,윤재은,여자,67,1956-3-7,서울시 강북구 21로28
17139100-1ddd-470a-b4b8-4033c4b4a01e,이철수,여자,32,1991-12-3,대구시 서구 74로85
55aa1c05-c013-4047-b8cd-8dc4f6357abf,이미애,남자,64,1959-4-28,광주시 성북구 5로61
ab42657e-64bd-4e57-bb4b-b13488381734,박재은,남자,27,1996-6-13,서울시 장안구 100로83
eac2e828-965a-42a4-80f8-519e3aeeaa5f,이석구,남자,22,2001-6-17,부산시 장안구 19길32
c0e05fac-b7a0-45a5-b3c4-a579fe77a81c,이석구,여자,48,1975-3-18,경기도 북구 26길81
799f59ff-7d3b-4d5d-9950-e03d9094d1f6,정영웅,여자,40,1983-2-7,대구시 분당구 52길93
3d692580-ab38-4250-9cce-25fa27a4731c,윤철수,남자,25,1998-2-17,대전시 강북구 4로25
473ac9dc-10d4-4f24-893b-e9ed251d16d0,최정미,여자,34,1989-10-3,서울시 동구 87로87
10c063e4-3be8-4954-ae54-298ae61e6af4,오철수,남자,28,1995-9-20,서울시 북구 54로100
cf457546-9251-4f8b-9d7c-156103a5ea6f,박재은,남자,74,1949-11-20,서울시 분당구 60길37
c9dbd3ce-e1ee-42f9-9e31-8792c2444795,강윤경,여자,76,1947-11-20,광주시 성북구 2길6
481cc6e9-f4f2-43dd-bd0e-92b61e2f15ae,장미애,남자,21,2002-1-28,강원도 계양구 25길37
1a49d484-1d7c-4433-87ce-b18465b5e0db,최미애,남자,42,1981-11-27,경기도 분당구 72길7
70b3a27e-e1d3-48f8-bf17-49760fa874ce,장형섭,여자,70,1953-7-15,광주시 성동구 96로7
9147add4-7163-471f-8bc9-3e71cd03c6b2,장윤경,여자,30,1993-1-15,경기도 부평구 26길3
eb933e95-b216-4c49-90ad-5456740a9bd9,강재은,남자,83,1940-10-9,울산시 북구 26길38
0b6a8de9-bcbe-453b-873e-795ccd1b09f5,정윤경,여자,36,1987-2-25,경기도 북구 71로82
57e6ad87-b9d6-47a0-b949-15b931f6e8e0,강영웅,여자,36,1987-8-26,서울시 계양구 41로38
56a5e326-c496-4918-ad14-b996cd0a921e,박미애,여자,42,1981-7-3,경기도 성북구 29길5
a0f10a9d-48e8-4956-9070-0d4ca36c9a12,정선진,여자,78,1945-2-16,대전시 강북구 82로58
63d8b867-c66f-4916-8c2e-382c382fe383,박윤경,여자,35,1988-11-24,인천시 강북구 65로86
7a7688ac-b664-459a-a64c-0a498e402503,최미애,여자,80,1943-2-23,인천시 강남구 54로15
a8ac4b08-bf7c-4f37-a70a-bedd9387d968,정성진,여자,76,1947-8-7,인천시 성북구 50로84
6ccb8b7c-61c7-414a-9aae-6b67d206df4f,김미애,여자,27,1996-9-19,서울시 분당구 45길52
b0c8128e-d786-4697-9076-7afcb9ef3324,강미애,남자,66,1957-6-15,인천시 성북구 84길95
814c566f-4b5e-400f-96ab-ae593b3a998b,조영웅,여자,72,1951-8-5,강원도 분당구 11길44
d87a90cf-82c4-4170-b842-f2226fdc3a58,김정미,여자,44,1979-7-13,울산시 성북구 26길77
702f48da-d413-46cc-8b22-1a151d5ac82d,조재은,남자,42,1981-5-10,광주시 계양구 50로86
9684887e-54ab-45f9-929e-0374d95d0d0f,정영웅,여자,39,1984-6-10,경상도 성동구 73로87
728e7ebf-b071-4321-b17c-c19a9c4d791e,윤재은,여자,25,1998-11-13,인천시 서구 58길77
ec10defc-9ef4-4bfa-88d1-a9741d5f0a6f,장미애,여자,26,1997-11-7,경상도 분당구 74길83
7414d4c7-8b6c-4223-b4f1-89d6d3165f1f,강정미,여자,33,1990-7-28,광주시 성동구 88길53
b9a01dcd-6a32-4759-b6e6-1ed69369ddaa,정미애,남자,83,1940-6-28,부산시 동구 41길11
e5f5ee35-33c5-4626-8ee7-eae5e65b75d0,박철수,여자,80,1943-1-19,경상도 북구 29로76
d015fb30-15c7-4de7-a157-9bf0f76e07c5,윤미애,남자,38,1985-8-21,강원도 동구 94길50
0e633841-3e41-4c56-9d83-137f3a677b9d,박철수,여자,75,1948-3-13,경상도 강남구 88로26
1467200a-00af-4be4-a562-ef537ea752dc,최철수,남자,36,1987-4-26,대구시 강북구 50로19
2de4feac-baa3-44da-93a2-4a1717928fc0,최철수,여자,36,1987-1-17,울산시 분당구 70길22
726b9f1b-665d-448e-84f3-e8f7a53ef8eb,조영희,여자,68,1955-11-11,경기도 북구 70로27
d3b00c6b-d5b6-4292-a4ce-83dbe36c8621,오정미,남자,55,1968-12-27,서울시 성북구 97로59
0a088c56-cdda-4fa2-82be-da046b08ad24,박성진,여자,69,1954-4-3,광주시 강북구 11길34
c3de0a5a-c9c8-4698-b51e-353af1e04b43,이성진,여자,32,1991-8-23,대전시 연수구 15길89
dbefe2a6-2759-4c6f-ac51-30dd5fec7e01,박재은,남자,74,1949-6-12,서울시 연수구 99로58
03185cfc-0d23-4dd1-bc09-319e57a39cce,장선진,남자,55,1968-7-21,광주시 계양구 27로11
41c754fb-7702-4b6a-9cd1-821b8d0890a4,강성진,여자,65,1958-9-14,대구시 성동구 9길22
d8d4109a-bc1b-4e7e-8f5d-fce80339e77c,이정미,여자,15,2008-11-18,울산시 북구 60로15
62f1c4fd-8896-4e1d-9d4f-72c36fe8e89f,이윤경,남자,21,2002-7-23,부산시 북구 13로87
e3d759c0-d63a-4080-979f-f823f4152f76,오영웅,여자,77,1946-5-27,인천시 성동구 81길27
503a11f0-3934-43f1-af20-85f4c534c71d,최영희,여자,41,1982-4-12,경기도 서구 30로54
d9d91fb5-9146-4419-b599-1a4cf9d46e73,김영희,여자,38,1985-3-22,경상도 강북구 21길50
f03a87f2-39f5-4f18-af03-10f6b501ef5e,강윤경,남자,24,1999-9-19,울산시 서구 99로75
eb6953ed-39e3-4f9d-9a18-123e0e3c3da3,이선진,여자,21,2002-2-3,인천시 동구 12로17
826ec7ee-94d6-4ab5-a500-105648b39582,조수현,남자,72,1951-7-24,부산시 서구 38길89
e2a3a3d3-1b51-48ff-96d2-234d3c07f1f3,김윤경,남자,51,1972-1-21,대전시 성동구 16길89
989910bf-a2ae-422b-98e9-ab1d763aa784,정미애,여자,35,1988-2-28,경상도 장안구 90로94
4af39301-9d08-49fa-868a-70a38a44de14,최석구,남자,37,1986-10-12,경기도 분당구 19길72
536de98f-176c-45d7-8599-4f93aa18d494,장성진,남자,24,1999-5-19,부산시 강남구 96길2
0332d592-61ee-448c-8598-cae5c3f20ab5,김재은,남자,38,1985-12-3,경상도 성동구 65길21
9722e3b0-73cb-4421-943b-1d4ae04afd99,조철수,여자,74,1949-4-3,울산시 연수구 93길73
fef0e6f5-c0ba-4788-ac8a-53a8275c1115,김철수,여자,54,1969-8-13,경기도 연수구 11길57
0d6adc57-e565-41dd-9429-1e95c8d472a2,박선진,여자,63,1960-10-26,울산시 강남구 54길45
b3bbeb41-9a91-4714-89e0-3676ed6eff5e,박형섭,남자,18,2005-10-20,울산시 성동구 44로86
2dcc7dc6-0949-4adb-b5f0-44431bf8e046,오석구,남자,21,2002-10-2,울산시 서구 34로94
2d1e3d19-4e55-4f1a-9fde-6164c436edf8,조성진,여자,70,1953-8-15,경기도 계양구 83길53
a809cd0c-6d7b-47ba-ae03-41a4c8d58974,강수현,남자,39,1984-6-20,광주시 부평구 83길6
3ea8986e-3ecf-4073-b0f3-5bb3044c9f30,최윤경,남자,82,1941-11-22,경상도 성북구 66로52
eb6b9d20-a3dd-4a1b-a687-acccce6089b5,김형섭,여자,75,1948-11-8,인천시 강북구 97로83
04cf7f13-9471-424c-a79a-8d7391e5da7c,장선진,여자,81,1942-10-5,광주시 서구 85로23
e40db995-1cca-4bd4-a49f-46ce9b648c28,박수현,여자,65,1958-12-27,강원도 성북구 31로53
1a8a4f65-d729-4d3a-9720-36b7dbd2888d,강윤경,여자,33,1990-9-26,울산시 부평구 29길54
734b9df0-7c13-4e78-949b-0caed4bf6471,박미애,남자,15,2008-2-8,인천시 성북구 75길10
b337b8ae-d2a3-4793-a569-478f230b4e65,최재은,남자,49,1974-10-26,서울시 동구 38길31
63ca3e18-58ae-4dce-bde0-2c36c8c88de3,윤미애,남자,82,1941-7-9,광주시 동구 62길54
5142e97c-0ee4-4cad-aa72-7fb900974027,최재은,남자,35,1988-11-1,광주시 북구 93로82
78962b60-882a-4ceb-aa3b-0b2e33c01491,강재은,남자,49,1974-2-15,대구시 분당구 68길3
0aef58be-7fdf-42d7-b58d-17a15ce51ad2,장수현,남자,73,1950-9-14,광주시 분당구 48로28
cd07fc7a-50fe-4506-8981-9611d5f083e6,오재은,남자,17,2006-2-25,서울시 성동구 24로90
8bf9c0da-5522-42b9-bbca-03dae1c54cf5,김정미,여자,57,1966-8-15,경상도 성북구 54로55
c3d63de4-9988-4e29-8755-aed9f3930281,이석구,남자,38,1985-10-22,광주시 강북구 25길86
77168e70-a0ca-41be-8c1c-b498a26f8d68,오수현,남자,39,1984-11-1,부산시 서구 14로46
8343b9db-c47c-47a6-a037-6b6a0080a586,박정미,여자,39,1984-1-21,경기도 분당구 86로42
6c340669-d403-436e-b851-63e3eee81780,박재은,남자,49,1974-7-4,울산시 계양구 99길94
e632e2a9-60bd-4db8-a068-49e61256dcd4,조정미,남자,15,2008-4-1,울산시 서구 94길14
af6538c2-9e42-46e1-9317-0f7aba24897f,정영희,여자,81,1942-1-19,경상도 연수구 97로68
fe03a7f7-ede7-41a6-aea1-4c60c1d083c5,박재은,남자,50,1973-4-22,경기도 북구 66길6
0d7326aa-e899-42cb-9fe4-2e332136c2ab,장형섭,남자,51,1972-4-16,서울시 북구 53로42
84c4b80e-3deb-4fd2-90d2-5f0dc5a2f207,장선진,여자,64,1959-2-2,경기도 성북구 35로36
f6846a97-044b-404f-aa34-381929b23ac6,조영웅,남자,67,1956-11-5,대전시 성북구 80길36
741528de-4fb6-44af-9b6e-e68ad7943b4a,강수현,여자,14,2009-1-28,대구시 성북구 94길32
518d535a-ba01-4505-a402-c22bf41f40a8,이수현,여자,31,1992-10-24,경상도 강남구 25로89
40d033ed-7ed0-45d7-b153-9f26da3efd69,윤수현,남자,75,1948-11-4,경상도 성동구 59로31
6b6f524b-d5c4-4232-8f2b-e9c0bad41702,최영희,남자,50,1973-1-28,강원도 북구 54길91
865b9fbb-494e-4fad-adc4-478b381409b5,장성진,여자,32,1991-1-4,경상도 동구 92로79
e895ce97-c073-40d3-8429-33b5caad4ac6,최수현,남자,45,1978-10-12,대구시 서구 12길32
43c1406d-3a2e-4e43-b37d-31cecc392210,정선진,남자,64,1959-8-21,강원도 강북구 15길79
f4ab3e81-93c7-41d3-af12-88cbeac9f48e,이철수,남자,55,1968-8-12,울산시 부평구 2길1
f931ed9b-eaaf-45a7-8943-eeed58425942,박선진,여자,35,1988-6-16,대구시 연수구 3로16
835ba9be-9920-4f09-8a93-dfc36ec3a3ec,조선진,남자,79,1944-12-28,부산시 서구 59길8
8b665aff-4519-4921-8cd1-88b118fc46a5,박윤경,남자,66,1957-3-3,인천시 동구 60로39
8cd2fc1c-405e-4183-8c7c-2c10267bd6fa,정철수,남자,50,1973-4-20,울산시 연수구 87로95
6ccc267c-af4b-48f3-aaf7-b6baca7a382d,장정미,남자,48,1975-9-3,서울시 동구 75길36
364bf14f-9e9e-4d3a-a962-60126ade62d3,정재은,여자,51,1972-1-22,대전시 성북구 15길49
1ef7115d-7c22-4fc7-b917-a3b4d8f2a80c,최선진,여자,65,1958-9-20,서울시 서구 92길75
befc7812-6bc0-4041-be12-d79dd4d5cb52,강수현,남자,59,1964-4-25,부산시 북구 81로5
24b894bf-add2-4ad6-b694-9a2a052ed5bb,오재은,여자,74,1949-10-14,경기도 강남구 72로23
c6ac7043-01d6-49e1-918a-828cb4d3eee9,조영희,여자,73,1950-3-14,울산시 부평구 7길51
c19bb7d7-b408-4e43-8edb-790d6b4119bf,윤윤경,남자,46,1977-4-19,경기도 연수구 29길36
95092149-b77b-421d-93f5-addae20cc15e,윤형섭,남자,20,2003-9-15,울산시 장안구 22로63
ef0ad0c8-1722-43b7-9545-6754c5e3b92c,박수현,남자,70,1953-12-9,경기도 계양구 33길91
a1102e8a-390b-44e3-8d44-bdb76d44b13b,정선진,남자,24,1999-5-9,경상도 부평구 60길87
a9907fbb-9137-4fe1-b630-b9d0e4c1e9f5,강재은,여자,17,2006-11-6,울산시 강남구 31길80
2c5853be-f41c-4ad2-b536-bb170ab1e827,강성진,여자,73,1950-6-8,경기도 연수구 83로40
9452b7b5-0031-458d-83b6-56e4ff198bb9,정영웅,여자,58,1965-1-26,울산시 분당구 70로95
aedf87f0-b6a9-4415-a85a-a5da2f15a1e6,김미애,남자,77,1946-6-24,부산시 부평구 91길42
bc9d782c-e2d7-4440-8b3d-8650b370c45f,장선진,여자,35,1988-3-8,부산시 연수구 56로10
5dbc8d13-3dcd-424e-baf5-3c30a133aceb,윤영희,여자,56,1967-12-2,경상도 계양구 26로29
44c44114-c2ad-4613-9505-975019e61bf2,강윤경,여자,60,1963-9-28,대구시 성동구 92길50
44028216-f13a-4717-a35a-2f6f5e477004,최미애,남자,34,1989-5-21,경기도 강남구 83길87
d3c7ec60-d16d-4be7-a9e3-5c19752814fc,최형섭,남자,32,1991-8-18,경기도 강남구 58로7
932121d3-af5e-460e-9f23-d5eb7ff53336,조재은,여자,29,1994-4-23,대구시 동구 37길59
4c346e9a-e60e-44f1-906e-01a95853fbf0,강윤경,남자,30,1993-5-13,경상도 계양구 91길53
9e20c4eb-ce7e-4071-b114-5d1834637254,김성진,남자,15,2008-11-23,강원도 서구 19로43
1f904017-3560-42b6-9919-c5659a48666c,최성진,남자,27,1996-4-23,서울시 분당구 18로41
d98a72bd-0bbf-4eea-b71c-51bd94e9be0d,박성진,남자,58,1965-2-24,부산시 강남구 7길13
6a547e42-e59c-4209-ab4c-5acd1daecb15,윤미애,여자,73,1950-4-1,광주시 부평구 79길18
f142f453-1d86-4e8f-9fea-913893c5cc6a,박윤경,남자,24,1999-4-23,경기도 강남구 41로42
51149055-4bdc-46a6-8cc2-ee6d444b5d79,장석구,여자,64,1959-11-20,서울시 동구 85길78
27d77f32-1698-46c3-b3c1-2bdd88f1d0f1,정철수,여자,43,1980-12-18,인천시 성북구 62길62
fcf13070-4f86-4b57-b9be-33d40cc967a0,박수현,여자,80,1943-9-7,서울시 북구 25길4
bb2e98e2-0fa1-4df7-b423-0b700b52b56d,장윤경,남자,18,2005-3-7,대전시 성동구 13로3
a0977a29-3a22-4705-8230-3d90d2527698,김정미,여자,34,1989-7-13,부산시 동구 43로80
51888e22-69d8-4e83-ab9a-26583923e94a,정형섭,남자,69,1954-9-4,인천시 계양구 96길20
c6e7ff06-98c7-4433-9bf1-79a4e3703a44,강수현,여자,61,1962-4-27,울산시 연수구 79로77
36853c81-fe88-4ecc-869a-8a238fb1b452,조석구,남자,68,1955-8-4,경기도 강남구 68길1
c98cb63d-c34a-4ab0-aa6b-6b43a358b804,조형섭,여자,18,2005-1-7,인천시 강남구 62길45
f816f9c1-c395-4386-88ce-2d5954e0c8b2,오영희,남자,54,1969-6-14,경기도 강남구 18로68
51e37420-599c-4d5b-aa4a-952893ee1bf0,윤영희,여자,47,1976-6-9,대구시 동구 28로99
d93448f2-09a2-459c-ba0f-f5d5d3edb069,조영웅,여자,44,1979-12-5,서울시 계양구 13로91
348e70d8-db05-45e8-b701-666ecea93dfa,정영희,여자,60,1963-12-12,대전시 연수구 5로61
c991149a-7fee-4860-9842-40d3b868c2bf,장영웅,여자,64,1959-9-19,대구시 계양구 32로75
25abfcbc-225c-41ba-a1f1-f2d624e3861f,조미애,여자,64,1959-1-19,경상도 강북구 81로10
9a23caad-7443-4d0c-ab18-968a8a844f45,최형섭,여자,82,1941-11-25,경기도 부평구 99로63
a72ac8c1-1268-4a73-88fa-2f1dd17cda19,최형섭,여자,49,1974-10-3,인천시 북구 11로21
1909c9f5-a19e-4ae5-819b-4028e6ee041a,김재은,여자,77,1946-6-15,대전시 북구 80길73
c1837042-350f-40c8-8fee-bec87e6548a4,조철수,남자,54,1969-3-11,대전시 부평구 93길88
f2ae97d9-84e3-4a90-b2a5-93c1913ff45b,김재은,여자,48,1975-11-28,광주시 강북구 19로24
be0b9b0c-1dad-4fde-afbc-99d6a4b528be,오선진,남자,47,1976-3-11,서울시 분당구 1길98
3534b1b8-872a-4f64-b7ea-778df17dc520,윤윤경,여자,39,1984-9-20,서울시 강북구 16길91
f7a945a1-592e-415e-b671-85940f3dea0c,장미애,남자,52,1971-8-4,인천시 장안구 64길60
2ef480c0-6d6e-424b-a2f8-cb1684b0ea87,이미애,남자,74,1949-10-18,부산시 성동구 11길96
5ac74428-68de-467a-a1cc-a4f11c89cfc8,오석구,남자,81,1942-10-19,대전시 동구 51로62
e76e0a31-cc55-4ce6-86a5-fe2bcc46fc60,오미애,남자,26,1997-4-21,광주시 부평구 100로94
25efdd22-49c5-4655-a96e-c5ff12e7a62a,오석구,남자,46,1977-10-8,울산시 북구 48로15
36860ca0-a748-435e-bd6c-89c9959e11dd,강재은,여자,15,2008-12-19,경기도 계양구 93길67
a513bac4-f0aa-42d0-9abb-6004a73e8a02,윤수현,남자,46,1977-4-7,대전시 강북구 61길64
7bf5aa5e-a458-4ea2-9847-aa7995166d4d,강석구,남자,19,2004-9-17,대구시 계양구 17로36
9044fc97-fe89-4616-b73b-f23228c0ee55,강윤경,여자,44,1979-12-14,서울시 분당구 14길70
d410d68e-b9de-45a2-bd66-6f87ce02942c,김윤경,남자,42,1981-2-9,경상도 성북구 45길74
48bafbac-5728-484d-8a5c-1332bd03dec3,최윤경,여자,73,1950-10-17,경기도 성북구 83로18
e2338abe-6367-40e8-8dd5-9bc964b73959,최영웅,여자,55,1968-7-9,대구시 연수구 42길21
c50f6320-50be-425d-b79a-d301a1f05a94,장수현,남자,74,1949-5-2,대구시 북구 70길25
d2150b6e-401c-406e-a5af-6098b3b41302,정미애,남자,20,2003-3-1,경기도 북구 19길96
dee2b072-ed77-4366-bddd-8bd17192e30f,최미애,남자,42,1981-4-22,경기도 강남구 54길92
29c88aa0-0f71-4500-9a75-a38d62b59250,최윤경,여자,75,1948-1-3,경상도 장안구 93로97
dae5f68b-645c-43ca-bcab-cea010c233c1,김철수,남자,74,1949-1-24,경상도 북구 72로32
28b008ba-9056-4275-84c1-c6e556391a18,최영희,남자,75,1948-3-18,광주시 부평구 64로39
36c90aad-d1db-48ec-8937-aee446685ea6,강성진,여자,18,2005-5-8,대전시 계양구 68로84
469537e3-50bc-4c8a-8097-fd48e7f13590,오정미,남자,65,1958-8-9,대전시 강남구 19길61
6ec0e583-c134-468d-b1c8-d094a322a25c,강영희,여자,33,1990-4-1,대구시 분당구 7길64
7684054f-7d91-4136-a275-0dba152e6722,최영웅,남자,70,1953-5-16,울산시 연수구 94로97
bab597dd-e3af-4d1d-8950-55ded39a76ab,김형섭,여자,49,1974-5-15,광주시 부평구 6길18
89e1b114-94d1-49da-ba00-848a681e8cb9,조영웅,남자,73,1950-10-21,대전시 분당구 73로30
50a84d56-9648-456e-ab21-54123f7f4c64,장미애,남자,26,1997-7-24,대구시 부평구 82로71
aa7c4590-c12c-44cc-973c-b6ed37848a60,정철수,남자,15,2008-2-26,광주시 성동구 46길3
7176226f-20be-4075-8e49-6c07f6d13bc6,정재은,여자,32,1991-10-25,울산시 동구 92로45
a707ad2a-6e67-443f-926e-6b4ff0661e25,윤형섭,남자,64,1959-4-20,부산시 계양구 54길82
b02bb2e3-9d50-4b31-8ae3-18406144ba0c,강영웅,남자,45,1978-7-4,대전시 부평구 97길21
7913a0ca-d42a-49d4-864a-88ba683f9f78,윤영웅,남자,39,1984-8-4,부산시 강북구 10길62
02baa043-144c-4af7-affa-505954537121,김영웅,여자,27,1996-10-23,경기도 계양구 78로72
1704576a-1751-4cd0-a821-b91162d41b6b,이석구,남자,49,1974-9-22,대구시 동구 74길49
6d69e1ab-9c05-420a-9acd-e92a67afb13f,윤미애,여자,74,1949-8-13,대전시 성북구 59길5
27440465-213b-4870-8879-2141108ea14b,김정미,여자,29,1994-8-17,대구시 서구 63길10
2226ee35-544e-4e87-ac99-1ecc6a1525c6,강미애,여자,39,1984-6-25,대구시 동구 91길20
63a1cb61-911b-4531-830b-536c5fc336c0,정영웅,남자,67,1956-9-18,경기도 성동구 79로52
e9c5c651-6273-4c7f-acfa-89c913adeb3a,김미애,남자,54,1969-3-21,경기도 성북구 39길71
87a3a7b4-2b9f-49f0-9e4c-23e4e8485374,조성진,남자,63,1960-2-24,인천시 강남구 71로66
d0bd4583-1fe5-47b5-833d-c1c3526cc10f,박형섭,남자,42,1981-4-11,경기도 성동구 24로32
2fd1869b-241d-4f81-9224-aa01f01b9a08,김형섭,여자,71,1952-5-25,경기도 연수구 22로18
2655fe57-0461-497d-9a09-ed7e871de56a,박영웅,여자,77,1946-6-16,울산시 동구 23길16
5ba84ec0-c089-472a-94ad-ac236d69342f,오미애,남자,16,2007-8-14,경기도 성동구 4로72
627ce12c-3e8f-4bc4-bcc4-e73d7bb46272,강석구,남자,46,1977-10-8,부산시 북구 7로20
81b7fc2a-c50b-4e0d-8a7e-7dfe1bcf613d,최재은,남자,65,1958-3-25,대구시 성북구 22길65
898ea2ff-8cbf-43f3-8bc8-4fe517feae1a,강선진,여자,55,1968-11-6,광주시 동구 34길52
56fb1054-f28e-4043-8622-ca93a3eedc92,장정미,여자,26,1997-3-13,경기도 분당구 49길52
8f888ec9-0b70-4ef6-bf66-964c1ec8be82,최수현,남자,52,1971-6-5,강원도 강북구 57로44
b0e7ee9d-b04b-44c1-a6a9-5382be53180f,최형섭,남자,80,1943-12-26,강원도 장안구 60로67
a0ae1b83-4ae9-48f3-a40c-e1b6f35f5844,오미애,여자,64,1959-6-25,경상도 성북구 81길31
f53885c1-4931-46a9-99b4-01c2f3d01a4a,정선진,여자,33,1990-11-5,경상도 강남구 42길4
bf63d67c-404d-4dae-b255-c06b61101ee2,박수현,여자,28,1995-8-21,강원도 성동구 15길48
b7bd5722-c27f-4ac6-85ba-ee7e31785cbe,박윤경,여자,79,1944-10-22,대전시 강남구 54길19
c33aa6fa-3078-4025-acdb-f853bfe6a30a,정윤경,남자,18,2005-6-23,강원도 연수구 12로14
3f1ac93d-bbd8-403f-8fc1-6f8b4c195d0a,조정미,남자,75,1948-9-9,대전시 성북구 38길15
0262d026-a301-431b-a4f6-629bd778de2e,장성진,여자,26,1997-12-2,인천시 성동구 1로9
d5009349-50cb-4e1b-bdb9-817756781b9d,오윤경,여자,68,1955-9-5,대전시 분당구 89로95
4ed882ae-54bc-49e8-a2e9-ff937f0f8ff8,윤형섭,남자,41,1982-7-12,인천시 강남구 44로75
535d2bdb-a2e5-4fe3-9528-7d2e440d1d67,조철수,여자,16,2007-11-13,서울시 성동구 84로71
82f89e0e-5e0a-4b20-860b-276e2f47ab33,오선진,여자,33,1990-9-26,강원도 성북구 41로38
0c8acbca-df0e-4ed7-b18e-158b5ba6cbb6,장수현,남자,16,2007-8-23,울산시 강북구 35길70
e44f2a12-6dad-4140-8bda-32a3ace914a0,김석구,남자,48,1975-2-21,광주시 강북구 78로47
a9505392-80e7-429a-926f-7e56c8b0595b,김철수,여자,35,1988-12-7,대구시 장안구 34로79
5cbc4e39-a0b5-4c84-a85d-c569b3ec2207,이석구,여자,39,1984-5-5,서울시 북구 54길6
ff9d0c92-a987-40f6-ae48-b7ca42a3fa58,박수현,남자,52,1971-4-3,경상도 동구 14로27
23748796-f98a-46b3-8f48-7e7e395e956f,정미애,남자,26,1997-9-7,부산시 강남구 21로65
b957513f-ac4e-40b5-a05c-68579d8b7883,박영희,여자,32,1991-12-3,부산시 강북구 31길19
d850f3f5-d225-4b27-9edd-5a4b4eda8bda,강철수,여자,69,1954-6-25,경상도 강북구 33길89
33d49999-9092-44c4-80b6-19584a62a6fe,강영희,남자,40,1983-4-27,대전시 강남구 82로91
169ecf56-3f91-4283-a9fe-c36f4e9b01ac,강영웅,여자,75,1948-3-14,경상도 성동구 99길55
873ecd6c-d1d6-4032-a555-ff4c4de2bb81,이윤경,여자,58,1965-12-18,울산시 연수구 69길40
2f12acb2-88b3-4e66-87e6-996a2121a966,정정미,남자,19,2004-10-24,대전시 성동구 53로15
6bc56da1-e3fe-48be-a3b1-d5e857f5fdd4,김정미,남자,78,1945-4-25,대전시 연수구 41길87
4aa7dea3-28f0-4988-a8c0-0db7146e078d,조형섭,남자,44,1979-9-6,울산시 장안구 63길58
ed4c78c4-4fe6-42f5-8928-d3bcb20a4337,강미애,남자,20,2003-5-17,광주시 강북구 54로1
e42496ca-ecf8-487c-87a7-3dbb78960582,오철수,남자,52,1971-6-11,경상도 동구 68길80
0ddb765a-d8bc-445a-9a49-15934abf437c,조철수,남자,30,1993-4-11,울산시 성북구 70로64
4f965bc5-6f10-4089-899c-8258350b2a45,오윤경,여자,38,1985-10-9,부산시 강남구 17로69
84d8cd46-f13c-4b8d-b14c-e0e4ad7a10cb,최정미,여자,35,1988-1-21,강원도 성동구 41로91
d6fa23eb-e85d-4223-b78d-09adabe6be21,오수현,남자,43,1980-6-24,경기도 서구 11길94
d90b1b8c-c904-4659-bbc9-022f3482b9f5,강수현,남자,55,1968-11-20,서울시 북구 81길82
ec1ea2c3-6fea-4ee7-bb52-40cb21aa5c59,오철수,남자,50,1973-11-3,경상도 연수구 49길73
1efc7eab-9b2f-4b9e-a810-a4c4f5efba3f,조철수,여자,70,1953-9-20,대구시 서구 4로35
c5a83cd8-91af-4d60-acaa-7262d4d667ab,박선진,여자,80,1943-7-24,강원도 북구 50길91
2df5d7f1-782f-4f78-8d0d-9837806b8fd3,김윤경,남자,82,1941-5-15,울산시 동구 92로6
aaf06b68-f645-464b-8b71-990811bfcf50,오형섭,여자,65,1958-5-3,강원도 서구 16길28
a7aae951-e61f-4667-a96c-0ca0eb100a98,윤형섭,여자,31,1992-5-22,서울시 강남구 86로33
ba089ba0-f3f4-41e4-974f-d1262e852f12,강영웅,여자,82,1941-3-24,경상도 강북구 91로9
c07d2a26-0fad-4b5d-8377-4c1133c71b2f,오철수,여자,27,1996-12-12,강원도 서구 94길7
7f471102-aaca-4497-8b30-e83c0aae626d,이재은,남자,30,1993-3-7,대구시 강남구 38길64
056ca11a-6e57-42f9-978c-8b7d706314e6,장형섭,남자,27,1996-4-23,서울시 성북구 86로93
f37e3adb-d934-4211-9de6-e937e0ea6bf7,윤성진,남자,49,1974-9-4,광주시 장안구 87길88
ef1a1773-60d1-4415-89b6-e56b30d2d637,오미애,여자,35,1988-8-6,인천시 분당구 99길81
9e6c0a13-b8fb-4eeb-a319-9175b38e81df,박윤경,여자,53,1970-8-1,서울시 강남구 62길2
d2d6ad54-e68c-429b-b4d3-d0975732f654,김영웅,남자,41,1982-11-9,경기도 성동구 22길66
94af2012-6075-4234-b1ee-562dc2c0dc0e,윤성진,남자,32,1991-2-12,광주시 연수구 79로76
6662717b-ea5a-408a-8791-802a5a8d563c,장철수,여자,34,1989-8-12,울산시 동구 80길32
750e37e8-d72b-464a-9e37-4c3262b4a558,이영웅,여자,74,1949-2-9,강원도 연수구 70길100
ab4bb28d-42b1-4f79-92ab-25bc8f21269a,최수현,남자,54,1969-10-27,경상도 북구 98길71
e4b97a9f-4af3-4984-bc08-5266bef5a884,조선진,여자,38,1985-12-12,인천시 성동구 3로73
ac65dc11-fdc5-4a68-a0fa-6428836c85bf,김윤경,여자,24,1999-2-27,경상도 강북구 87로60
a8e5e152-bb3d-418a-b6ba-c090f3b3cb5d,정정미,남자,23,2000-6-8,경기도 서구 32로27
2f41e3dd-4ca6-4e9a-9b8a-d63279fb1812,조석구,여자,15,2008-9-9,대구시 강북구 20길79
813344ed-76b3-4074-bcc9-e1b4867794ee,강영웅,남자,42,1981-12-7,대전시 강남구 58길96
e4e329eb-b644-4de9-a19a-fb289b0c2e3e,이미애,여자,31,1992-8-23,인천시 강북구 66로98
d38fd70a-9af5-4e94-a708-2e536217d9bf,윤성진,남자,42,1981-2-20,대구시 서구 35길7
1c3f7889-6cb2-46d3-a2b0-0bb697a96904,오성진,남자,25,1998-11-10,울산시 서구 91길40
63ecf4f8-6b17-4d6e-bd56-7370c21a535c,조석구,여자,66,1957-1-5,경기도 강남구 52길26
5c2e4640-634e-4047-b24f-87c1469db395,윤윤경,여자,24,1999-7-11,광주시 장안구 91길63
b981ed81-de84-471c-8319-0a9e147fed4b,박미애,여자,23,2000-7-16,울산시 장안구 76길54
15f72285-7762-4280-942f-37e93de7b3b5,박형섭,여자,58,1965-6-12,대구시 성동구 48로7
b87d170e-b926-49b6-a305-22191d76e8c7,정석구,여자,80,1943-4-22,강원도 강남구 9길39
58c2db1b-1e43-49df-8eab-b86ee222efd8,장정미,남자,81,1942-12-9,인천시 북구 65로23
55a41250-b965-4af9-b135-eb9884405193,이영희,남자,16,2007-7-14,대전시 강남구 46길93
15a59210-74c6-4860-b71b-b739e740dcc0,장철수,여자,29,1994-7-7,인천시 동구 57로98
52c33242-e124-4c87-b2d7-edd649b581fe,강재은,여자,56,1967-1-20,경상도 북구 35길41
5da6df45-562f-4507-8390-6d5542e9b3fe,김형섭,남자,19,2004-11-25,대구시 강북구 27길74
85e0c03a-df5d-43eb-9163-cbf5922b8532,이재은,남자,24,1999-9-28,경상도 성북구 45길98
1c0e0964-fc03-4118-8206-245d1e529cae,김철수,남자,34,1989-12-5,경상도 서구 35길38
6075a740-4d45-4de3-a4f4-086c7f214169,김성진,남자,60,1963-8-28,부산시 계양구 42로27
cb7e3738-9f9c-4839-9d21-e88a8b7f02af,김선진,여자,57,1966-3-14,서울시 부평구 80길96
594a9d1e-804f-4cac-be27-bea1b1fb5baa,오영희,여자,47,1976-3-8,강원도 북구 52로100
c569eb4b-67e8-4db5-bc9b-a315c6784acc,이철수,남자,19,2004-8-19,경상도 장안구 28길65
93766ffa-8781-4697-91f0-f28cebbe845a,정형섭,남자,69,1954-4-5,대전시 분당구 90길14
afa28fcf-4d2a-4775-aa18-10719a2d69f6,정형섭,남자,27,1996-7-16,대전시 강북구 33로47
56d9701b-f5ee-4cfe-a439-d4dababd6731,김영웅,여자,27,1996-12-17,강원도 계양구 45길32
ff1fbcf7-ac2c-4ac6-be8c-f763e5c6ff4d,정철수,여자,54,1969-3-21,경상도 동구 10로73
932e4c44-9194-49bd-ab1a-571ad585f2e7,오영희,남자,50,1973-5-11,인천시 성동구 78길46
daa2e64c-a012-4e3d-ac9d-541ea87e08d4,최미애,남자,77,1946-10-9,경기도 강남구 55로26
9bc5430a-b55c-480b-900e-63c443251f0d,오정미,여자,76,1947-8-5,경기도 동구 100로79
68504514-f3bb-435e-b3ee-0ded1ffdc3be,장선진,남자,31,1992-6-24,서울시 북구 38길49
faaf0680-7862-4235-b570-e70c0fbf3249,최영희,남자,24,1999-7-18,인천시 동구 86길87
589863b0-fa38-45a1-a21b-432a3819e6eb,정석구,여자,33,1990-6-16,서울시 서구 36길46
ef11aa3d-5dd2-4d3a-8164-8c7de0ee3f3c,최수현,여자,29,1994-4-7,대전시 부평구 74로36
f7133471-9303-45a3-8a8a-5aa77cc2dc4c,김석구,남자,67,1956-5-24,경상도 북구 51길20
7a3e91dd-b456-47e8-b513-21eb5798aa0c,오석구,여자,68,1955-4-7,울산시 성북구 68로78
edbbe9f3-f647-4e95-8259-7e82a0701fcf,윤성진,남자,46,1977-9-20,광주시 부평구 85로50
93119552-7237-47d4-a5cb-d462f30bc420,최정미,여자,41,1982-12-5,인천시 성동구 79길33
ec127f99-99bb-4ed9-a96a-83ce963741df,최정미,남자,17,2006-9-14,울산시 부평구 96길97
e469f266-b6e2-4113-a346-4169ba2f3520,김형섭,여자,46,1977-1-13,인천시 강남구 48로81
765cc056-c573-41c9-8caa-e098c74d17c1,정철수,여자,70,1953-2-28,대전시 분당구 12로15
d05639ba-8abf-4ce7-a3d9-4e8a87a69d86,이선진,남자,41,1982-5-16,서울시 성북구 41로84
47b00b1d-bd5a-42e2-a9a2-c3f33c6c8b3b,이윤경,남자,77,1946-9-18,부산시 강남구 22로75
3515c185-6393-4074-b2f4-3949b258cefe,강성진,여자,73,1950-6-17,울산시 서구 32길75
cc05c3fc-e755-4053-a502-6159aef5f2db,김형섭,여자,36,1987-4-6,부산시 분당구 10길57
e93be572-d28e-4f9f-8167-2263f4b0bd67,박철수,남자,15,2008-9-26,서울시 성동구 27길7
643c0552-c489-4706-8a9b-67e80d0ce1db,장영웅,남자,15,2008-2-15,부산시 동구 81로62
998e0b16-a813-4e0b-8f8a-05b34f1de2a2,오윤경,여자,59,1964-7-16,대전시 강남구 88로60
56597d93-7dc5-4aea-867a-971c99c094ca,정재은,남자,53,1970-6-14,경기도 강남구 55로94
113184c1-3fb0-4991-a77e-f6b3472737a3,조윤경,남자,54,1969-1-2,대구시 북구 55로83
ff5dd30e-35c0-4a5e-a60e-c7285a174fe8,정재은,남자,37,1986-3-1,부산시 강남구 31길68
efbe923f-e4a1-4c29-b2d2-6ab4a4bd1cee,김석구,남자,27,1996-9-7,울산시 강남구 55길54
5c57dddf-1559-4f35-913d-36320631faef,조영웅,남자,81,1942-4-11,강원도 강북구 87길46
98c3f92e-10b5-4feb-9f24-2f79fceab9d0,김미애,여자,30,1993-9-2,광주시 강북구 26길73
a04804a1-b183-40d5-8721-843ac74c7b7f,장수현,여자,43,1980-6-17,대전시 연수구 42길15
bea52762-9587-4923-a3d0-f65a04459d89,조성진,여자,56,1967-2-28,서울시 강북구 98길79
e9b43b6f-3db9-4adc-a338-dcf6a64ecdc2,박영희,남자,43,1980-3-13,서울시 강남구 91로88
2bb9c3dd-da4d-4d0a-9dd8-f75e06bc5233,박윤경,여자,65,1958-8-15,울산시 강북구 77길1
3b01673a-6e86-4fd5-bbba-51c3a07df3d1,이정미,남자,32,1991-12-15,대구시 강북구 26로95
4a2f48ec-dd39-4f20-a9f6-c76948c2a219,정철수,남자,16,2007-5-5,경기도 부평구 78로71
020e0002-e103-46fe-b698-16275a5ab7d0,박철수,남자,46,1977-2-6,경기도 분당구 32로44
8ccfba2b-58ba-43d6-b35e-91e85bd9535d,이재은,여자,65,1958-8-26,대구시 성동구 22로34
8c359dc0-e736-4762-a894-acb4a15b6894,박재은,남자,81,1942-7-11,경기도 분당구 13길13
53524d4e-ee7f-4d8f-a864-d8a5a4cdff03,김선진,남자,61,1962-3-26,울산시 북구 13로19
2cd920aa-af49-40b1-9e7a-8c6114632108,정재은,여자,24,1999-5-2,인천시 강북구 92로97
3fe50e8c-14b3-4cff-a7f6-9573031fb00b,김미애,여자,54,1969-10-17,대전시 연수구 34길43
e295b47b-cbf0-47e7-87c7-15b98a8a9cdc,이성진,여자,50,1973-12-12,광주시 연수구 53로92
3c04bdb8-c44e-4a59-98bd-f44563af48c3,오성진,여자,64,1959-11-6,강원도 부평구 60길19
2e9db786-6484-4647-9d4a-be99b37ee9ec,윤윤경,여자,17,2006-11-19,대전시 강북구 73로13
c0bb0bab-4259-48b7-8935-a42167a4199d,오철수,여자,15,2008-7-3,인천시 분당구 64길30
fd606bfe-10b6-47ac-a22c-548ebf85398e,이성진,남자,48,1975-7-2,서울시 계양구 90로34
763209aa-72dc-43b3-bc0d-9d2e54aed7e4,조석구,남자,75,1948-11-2,강원도 강남구 92길78
be6fcf61-9f6a-4464-a020-f241187faedf,정윤경,여자,79,1944-5-10,대전시 성동구 46길97
2b834ffa-cfd9-4de8-852f-9103deb54ec4,김윤경,남자,31,1992-8-24,대전시 계양구 73길6
290bf49e-c76b-4bc1-a653-7a84cbe04139,이철수,남자,75,1948-1-3,인천시 강남구 70로91
363594d1-aea9-4626-aaa2-c7490a889bb2,박영웅,남자,81,1942-7-12,서울시 계양구 3길47
1bf7647a-fe07-450f-a94d-db4a4567e89f,최형섭,남자,19,2004-1-3,경상도 부평구 50길29
53fb3459-6fed-444d-878f-c00c277a9654,오영희,여자,14,2009-4-15,광주시 서구 98로22
2dd2bb74-e56b-4eba-a929-f700eb831d7d,조영웅,여자,54,1969-12-25,대전시 장안구 96로57
2124634c-d3c6-4b3e-a33c-727fb02c008d,박철수,남자,53,1970-2-25,대구시 동구 29길83
6dfd2157-a7cd-4825-aa1f-62840ff5e302,장석구,남자,54,1969-1-12,경기도 부평구 76길53
894a5cde-7382-4e19-b082-403c10d90d43,김정미,남자,68,1955-9-15,인천시 강남구 36로83
68dc4a2e-68ba-4e55-9981-9050bbaf499e,김석구,남자,26,1997-5-11,인천시 강북구 27로61
46b17e64-650c-46c9-91aa-76564d099505,강선진,여자,30,1993-10-19,강원도 장안구 66로25
e36bcf8a-c59b-4e0e-9a91-e2041186bfeb,김성진,남자,16,2007-11-7,경기도 장안구 11로65
9e635fef-0dfd-4ae2-874e-b8e5b9e23736,이영희,남자,33,1990-11-18,경상도 장안구 83길15
01e19dcc-2849-4334-816a-aa1c5d20f4e3,조정미,여자,60,1963-12-15,강원도 분당구 91길93
e77f3ff1-293c-4cfd-83fe-748da9f945ce,오석구,남자,24,1999-6-27,서울시 성동구 4로44
d36bd20e-dbda-44ae-8b61-452404570097,윤성진,남자,59,1964-9-12,강원도 성북구 3길35
604b72fa-0ffa-4bdf-bd85-240a2c2a7d9c,이영희,남자,37,1986-8-22,경상도 서구 86로45
d2cb4bb1-8dcb-483a-98a9-811b85acd4e6,이철수,남자,43,1980-9-3,경상도 강남구 73로18
7f85897c-a25a-4b43-8a37-f5b4faa1ee38,오선진,남자,71,1952-8-12,대전시 장안구 10길81
ea0ea977-4ea4-42c1-9bd6-488a140fd2ce,김형섭,남자,65,1958-4-16,광주시 동구 47로69
873a81b0-5f3c-4d23-aff9-40eabd83d61d,강선진,남자,36,1987-1-23,부산시 동구 83로23
c256bb26-45e5-4f00-a731-004c6fcfb7d6,최성진,여자,76,1947-9-27,광주시 성동구 59길58
a8a44488-8fc9-4970-89b7-50ce93d53e7a,강윤경,여자,32,1991-12-8,부산시 연수구 78로87
3d5afdeb-1e7c-43f0-8b9c-8e49cc1b7d6f,오영웅,남자,29,1994-8-27,인천시 부평구 91로32
885b5b34-33bc-431b-ba9e-e3a7d03fc607,윤형섭,여자,44,1979-4-27,서울시 서구 83길92
0a20d5d6-3ecb-4371-b180-1b62fd0cbde4,오재은,남자,80,1943-2-12,광주시 연수구 54로57
339887b2-e589-4c0f-adc2-37d6c26ca071,박재은,남자,45,1978-11-16,경상도 성북구 17로64
d4411df1-7393-4079-a7c8-b7321257ffa8,김재은,남자,69,1954-11-23,대구시 성동구 98로68
795fdc27-463d-4825-aa49-7cec5b2e0a19,정성진,여자,76,1947-2-4,서울시 북구 78로21
62d5a60a-7805-4928-a113-d5464b61eb61,조철수,남자,33,1990-8-17,광주시 강북구 30로97
3de4e138-5505-417c-a569-b8db5850e15e,오형섭,여자,69,1954-12-24,대구시 장안구 89로72
0f9d7cce-0c9b-4ccf-a2a2-cd5e379197a7,오정미,여자,66,1957-6-14,인천시 성북구 12로80
09257691-4ff9-4ada-b413-3592d2351b20,장재은,남자,32,1991-10-25,경기도 성동구 95길21
b606f5f8-507a-4ed4-91a0-78ddfd0c21bb,김정미,남자,47,1976-6-15,강원도 서구 35길9
4298500d-4da8-4e97-8f62-29205bf6dbc3,오영희,여자,62,1961-8-8,강원도 성동구 11로81
3721106a-5353-463e-b007-472e6517a957,오영웅,남자,69,1954-8-17,서울시 연수구 87로59
273a5dbc-7a0b-40c0-a36d-55fdeacf01e3,최재은,남자,14,2009-12-17,광주시 강북구 83길100
bacd62fe-a1ff-49fe-a4c9-7d87fc3eef58,조정미,여자,55,1968-10-28,경기도 북구 84로59
3a5f702c-b8d2-49e2-984f-8ddeffbda4d6,장윤경,여자,64,1959-2-11,광주시 연수구 83로51
f162a135-4262-40bf-878c-a7839b43c13e,오수현,여자,49,1974-6-13,강원도 북구 3길69
0f926911-9a93-4e4c-8374-0c13572e4ef0,정철수,남자,82,1941-8-13,울산시 분당구 92로53
316626fe-d0e1-42f9-afdd-ef322ffefdf4,조윤경,남자,57,1966-12-15,서울시 부평구 96길29
a344ad66-3169-44e5-92e2-34e90eec718f,강형섭,남자,80,1943-6-14,경상도 계양구 7길11
cfa7d929-e093-40b7-bc46-bb769b645ba8,정미애,남자,42,1981-3-17,경기도 성북구 34로94
59b28436-dacc-4d23-93c1-cae27c3d1d18,김윤경,남자,43,1980-4-13,서울시 분당구 15길60
8f779c0c-00ed-4530-ba42-f6998a3cbd3c,강미애,남자,66,1957-2-16,인천시 서구 40길74
dbfa0f2e-eb54-46bb-a241-9471cd301897,김철수,여자,67,1956-7-3,인천시 동구 85로36
aa66dc31-dd8b-493f-8793-4397060c1f60,김성진,남자,62,1961-5-4,광주시 장안구 10길26
e7b7ad15-c604-44ef-ba1d-ed8bae489fb5,조수현,여자,42,1981-2-22,강원도 분당구 85로85
9e7465e1-98c1-4379-975c-79cf128cdf71,김석구,여자,61,1962-2-21,대구시 장안구 54길100
f1a91c52-34f3-4e48-a07f-ba43b1e14433,조재은,여자,36,1987-2-3,강원도 동구 53로58
517d34c3-05e5-4a7c-ab37-950db8244563,김석구,남자,49,1974-1-2,경기도 계양구 2길91
9e4f2e6e-adc4-4c6b-a3d8-ef1c5f9b21e6,강영웅,남자,68,1955-1-23,경상도 강북구 51로45
07c26e17-20ed-4207-845e-12dcf4b89935,조미애,여자,20,2003-1-10,경상도 성북구 98길38
2e394df1-8bda-408a-a0f1-f82357fa50d7,김영웅,남자,30,1993-4-20,부산시 북구 5로45
1dc37df8-107d-481d-818d-2d20a3ed7dad,장윤경,남자,48,1975-8-15,서울시 부평구 27로42
71b0010f-3c41-4dd3-b68a-ae8043b5ebbd,김정미,여자,73,1950-9-20,경상도 강북구 20로95
1df59eb1-6ef8-4752-bba4-fef64ddb6625,정석구,여자,19,2004-3-13,서울시 서구 28로52
47bdd4dc-0941-400c-b90f-ae96046ed011,최선진,여자,74,1949-8-7,광주시 분당구 30길80
c6494134-ee2e-44df-bd2b-a550d82be849,윤재은,여자,51,1972-2-16,인천시 서구 53로61
3e004805-608b-4571-8479-07a80716460d,조선진,여자,32,1991-2-27,대전시 북구 30길26
98ef981c-9734-4b2a-838a-3afaaae6cd0b,정정미,여자,20,2003-10-12,인천시 부평구 37길71
6b85b3e3-8f6a-47c6-8145-e26f7139e5e6,오선진,남자,72,1951-6-20,광주시 연수구 14로60
fcb0de50-321d-4b82-ad5a-baefae8782cf,박영웅,남자,53,1970-8-18,광주시 성동구 56로62
5e9ca95d-facc-43a8-8fd0-a135cb20831b,오수현,여자,58,1965-2-13,인천시 강북구 5로21
067d273b-bd0e-4138-b5ce-05ba23f8f33e,박형섭,여자,56,1967-10-19,강원도 서구 33로95
3d7878b6-fbfb-41c4-8198-e0ca6797d7be,윤형섭,남자,59,1964-12-18,인천시 서구 53길75
50a3fe8e-0306-420c-a3d0-2bec4d5bb3a8,강재은,남자,23,2000-9-2,인천시 동구 14길42
b6dbfba8-b499-4c8d-830a-c04096abdf02,조윤경,남자,32,1991-11-14,대전시 부평구 35길75
0056708c-330a-44ed-8c82-9b6f98c79a40,조선진,여자,70,1953-4-13,인천시 부평구 79로44
0c5cd192-d861-4203-842d-3fc45f2d6a14,강영웅,여자,51,1972-4-16,대전시 연수구 65길28
cb46a25c-ca93-4cdd-9ebb-876f873b923e,박선진,남자,62,1961-5-23,경기도 강남구 20길41
8c32c0ed-d505-439e-ac1d-a305a549fd1e,최선진,여자,38,1985-9-17,강원도 성동구 1길64
055c726b-5fa4-4b76-81cf-dd859b53e08b,윤석구,여자,36,1987-8-7,부산시 강남구 54로31
525d5cba-6c35-4969-90eb-524cc84a2dbb,윤정미,남자,34,1989-9-25,울산시 북구 12길95
906952a6-a0cc-4d64-bae9-b88b65a06e5d,김영웅,남자,47,1976-4-25,경기도 성북구 83길54
ffc54675-0e75-4901-82dd-b1da586621e9,정미애,여자,19,2004-9-23,경기도 장안구 31로36
00c03d27-331c-43e1-a57a-6822b2082513,강영웅,여자,43,1980-6-9,경상도 연수구 26길56
0a94b8d1-843b-468d-9420-28a65271b210,최정미,남자,46,1977-2-15,울산시 강남구 81길57
5ce24041-5b20-4353-b317-0599555880f2,이형섭,여자,76,1947-6-9,부산시 성북구 89로92
86ebfd6d-caa0-41d8-a3ba-39305078c3fd,강정미,여자,81,1942-11-8,부산시 부평구 98길45
07ffce1a-e781-4db9-9ed2-ca3776347659,정미애,여자,51,1972-1-15,대구시 강북구 59로5
689d6e5f-1d3b-440c-ad58-c27daa8a5b42,강정미,여자,73,1950-2-11,인천시 부평구 29로60
3e988bd1-5843-4155-8fa9-93c8f6f993bb,조재은,남자,37,1986-1-2,인천시 계양구 18로49
ffe29e37-76d1-4b2c-98a7-104efcb9e966,정정미,남자,32,1991-7-27,경기도 분당구 21로81
e89f7219-63f8-41b6-8433-3cb3b9e17e24,강수현,여자,80,1943-12-14,서울시 장안구 93길100
1f1b9489-a0f4-4b38-8bcc-b2b2af573a05,박형섭,남자,59,1964-10-4,광주시 계양구 43길61
99650b47-8491-42b4-a04f-72fff9ce7a31,최재은,남자,17,2006-11-9,서울시 계양구 67로94
9eed5bf6-32da-45a1-87bf-e40d6db7d255,정정미,여자,46,1977-6-6,대전시 부평구 91길2
98b8dd0d-30ee-4c6c-b9f5-54be8faf85d3,최철수,여자,15,2008-11-12,울산시 성동구 6로93
ee219a03-4219-448b-a7a8-5dceb5bb6cd0,정정미,여자,80,1943-10-2,서울시 연수구 78길84
776fcbf9-0fa7-462d-ad90-6e379c2ae8bf,이영웅,남자,23,2000-5-3,광주시 분당구 4길67
12aa7939-d2e5-4808-aa28-f802f184885a,최철수,남자,45,1978-3-1,부산시 연수구 91길17
75790ded-3572-4534-9ff4-921ba93bfdb2,김영웅,남자,34,1989-9-2,서울시 북구 26길81
e23c57ac-ac14-491d-b27b-5a09ee8026a5,이형섭,남자,29,1994-5-3,광주시 계양구 57길95
bbcbba0a-4713-4a66-8860-ba3796c06765,이성진,남자,71,1952-8-22,울산시 장안구 95로77
1d3cf439-45e9-4efe-84f1-f96a6f14f51d,정선진,남자,43,1980-10-3,경상도 강남구 2로79
337b3dd7-089c-4197-8e06-74ae58929ce9,박형섭,남자,78,1945-2-23,경상도 성북구 12길22
38c3a671-096a-4947-afd3-5bd1fb99430f,이영웅,여자,36,1987-3-9,경기도 강남구 39로60
b72ff9a3-5587-44b8-9b53-f22828f89e2b,정재은,남자,76,1947-8-26,대구시 성동구 86로63
1810c4d4-7685-4227-a1fd-9b4995a261a1,최성진,여자,15,2008-10-1,경상도 분당구 64로97
bf0e530b-ad52-40c9-ba21-4d5ac3a292e1,윤미애,남자,63,1960-5-1,부산시 계양구 55길55
5676e851-2a4c-46e5-a578-89ee785e4c12,박수현,여자,26,1997-10-27,광주시 연수구 90길1
5eb2feb6-dceb-4b14-89c2-0812fa78987e,김재은,여자,82,1941-4-12,서울시 성동구 10길13